variant,task,n_embd,n_layer,n_head,seq_len,seed,accuracy
QKV,REVERSE,32,2,2,16,0,0.4188
QKV,REVERSE,32,2,2,16,2,0.4373
QKV,REVERSE,32,2,2,64,1,0.1012
QKV,REVERSE,32,2,2,128,0,0.0992
QKV,REVERSE,32,2,2,128,2,0.1000
QKV,REVERSE,32,2,4,16,1,0.2247
QKV,REVERSE,32,2,4,64,0,0.1015
QKV,REVERSE,32,2,4,64,2,0.1014
QKV,REVERSE,32,2,4,128,1,0.0994
QKV,REVERSE,32,4,2,16,0,0.2913
QKV,REVERSE,32,4,2,16,2,0.3897
QKV,REVERSE,32,4,2,64,1,0.1014
QKV,REVERSE,32,4,2,128,0,0.1007
QKV,REVERSE,32,4,2,128,2,0.1010
QKV,REVERSE,32,4,4,16,1,0.2451
QKV,REVERSE,32,4,4,64,0,0.1005
QKV,REVERSE,32,4,4,64,2,0.1013
QKV,REVERSE,32,4,4,128,1,0.1004
QKV,REVERSE,64,2,2,16,0,1.0000
QKV,REVERSE,64,2,2,16,2,1.0000
QKV,REVERSE,64,2,2,64,1,0.1244
QKV,REVERSE,64,2,2,128,0,0.1018
QKV,REVERSE,64,2,2,128,2,0.1022
QKV,REVERSE,64,2,4,16,1,1.0000
QKV,REVERSE,64,2,4,64,0,0.1281
QKV,REVERSE,64,2,4,64,2,0.1808
QKV,REVERSE,64,2,4,128,1,0.1011
QKV,REVERSE,64,4,2,16,0,1.0000
QKV,REVERSE,64,4,2,16,2,1.0000
QKV,REVERSE,64,4,2,64,1,0.1069
QKV,REVERSE,64,4,2,128,0,0.1006
QKV,REVERSE,64,4,2,128,2,0.1026
QKV,REVERSE,64,4,4,16,1,1.0000
QKV,REVERSE,64,4,4,64,0,0.1092
QKV,REVERSE,64,4,4,64,2,0.1244
QKV,REVERSE,64,4,4,128,1,0.1010
QKV,REVERSE,256,2,2,16,0,1.0000
QKV,REVERSE,256,2,2,16,2,1.0000
QKV,REVERSE,256,2,2,64,1,1.0000
QKV,REVERSE,256,2,2,128,0,1.0000
QKV,REVERSE,256,2,2,128,2,1.0000
QKV,REVERSE,256,2,4,16,1,1.0000
QKV,REVERSE,256,2,4,64,0,1.0000
QKV,REVERSE,256,2,4,64,2,1.0000
QKV,REVERSE,256,2,4,128,1,1.0000
QKV,REVERSE,256,4,2,16,0,1.0000
QKV,REVERSE,256,4,2,16,2,1.0000
QKV,REVERSE,256,4,2,64,1,1.0000
QKV,REVERSE,256,4,2,128,0,1.0000
QKV,REVERSE,256,4,2,128,2,1.0000
QKV,REVERSE,256,4,4,16,1,1.0000
QKV,REVERSE,256,4,4,64,0,1.0000
QKV,REVERSE,256,4,4,64,2,1.0000
QKV,REVERSE,256,4,4,128,1,1.0000
QKV,SORT,32,2,2,16,0,0.4366
QKV,SORT,32,2,2,16,2,0.4543
QKV,SORT,32,2,2,64,1,0.6384
QKV,SORT,32,2,2,128,0,0.7332
QKV,SORT,32,2,2,128,2,0.7324
QKV,SORT,32,2,4,16,1,0.4507
QKV,SORT,32,2,4,64,0,0.6388
QKV,SORT,32,2,4,64,2,0.6399
QKV,SORT,32,2,4,128,1,0.7308
QKV,SORT,32,4,2,16,0,0.4967
QKV,SORT,32,4,2,16,2,0.5875
QKV,SORT,32,4,2,64,1,0.6556
QKV,SORT,32,4,2,128,0,0.7366
QKV,SORT,32,4,2,128,2,0.7352
QKV,SORT,32,4,4,16,1,0.5936
QKV,SORT,32,4,4,64,0,0.6417
QKV,SORT,32,4,4,64,2,0.6466
QKV,SORT,32,4,4,128,1,0.7380
QKV,SORT,64,2,2,16,0,0.6434
QKV,SORT,64,2,2,16,2,0.6581
QKV,SORT,64,2,2,64,1,0.6708
QKV,SORT,64,2,2,128,0,0.7396
QKV,SORT,64,2,2,128,2,0.7421
QKV,SORT,64,2,4,16,1,0.5432
QKV,SORT,64,2,4,64,0,0.6965
QKV,SORT,64,2,4,64,2,0.6789
QKV,SORT,64,2,4,128,1,0.7438
QKV,SORT,64,4,2,16,0,0.7631
QKV,SORT,64,4,2,16,2,0.8290
QKV,SORT,64,4,2,64,1,0.6856
QKV,SORT,64,4,2,128,0,0.7631
QKV,SORT,64,4,2,128,2,0.8042
QKV,SORT,64,4,4,16,1,0.7403
QKV,SORT,64,4,4,64,0,0.7685
QKV,SORT,64,4,4,64,2,0.7658
QKV,SORT,64,4,4,128,1,0.7502
QKV,SORT,256,2,2,16,0,0.9424
QKV,SORT,256,2,2,16,2,0.9298
QKV,SORT,256,2,2,64,1,0.8547
QKV,SORT,256,2,2,128,0,0.8905
QKV,SORT,256,2,2,128,2,0.8737
QKV,SORT,256,2,4,16,1,0.9717
QKV,SORT,256,2,4,64,0,0.8647
QKV,SORT,256,2,4,64,2,0.8591
QKV,SORT,256,2,4,128,1,0.8885
QKV,SORT,256,4,2,16,0,0.9914
QKV,SORT,256,4,2,16,2,0.9934
QKV,SORT,256,4,2,64,1,0.8791
QKV,SORT,256,4,2,128,0,0.8992
QKV,SORT,256,4,2,128,2,0.8926
QKV,SORT,256,4,4,16,1,0.9930
QKV,SORT,256,4,4,64,0,0.8777
QKV,SORT,256,4,4,64,2,0.8487
QKV,SORT,256,4,4,128,1,0.9108
QKV,SUB,32,2,2,16,0,1.0000
QKV,SUB,32,2,2,16,2,1.0000
QKV,SUB,32,2,2,64,1,0.9808
QKV,SUB,32,2,2,128,0,0.8638
QKV,SUB,32,2,2,128,2,0.9259
QKV,SUB,32,2,4,16,1,1.0000
QKV,SUB,32,2,4,64,0,0.9477
QKV,SUB,32,2,4,64,2,0.9829
QKV,SUB,32,2,4,128,1,0.9154
QKV,SUB,32,4,2,16,0,1.0000
QKV,SUB,32,4,2,16,2,1.0000
QKV,SUB,32,4,2,64,1,1.0000
QKV,SUB,32,4,2,128,0,0.9960
QKV,SUB,32,4,2,128,2,0.9757
QKV,SUB,32,4,4,16,1,1.0000
QKV,SUB,32,4,4,64,0,1.0000
QKV,SUB,32,4,4,64,2,0.9967
QKV,SUB,32,4,4,128,1,0.9957
QKV,SUB,64,2,2,16,0,1.0000
QKV,SUB,64,2,2,16,2,1.0000
QKV,SUB,64,2,2,64,1,1.0000
QKV,SUB,64,2,2,128,0,1.0000
QKV,SUB,64,2,2,128,2,1.0000
QKV,SUB,64,2,4,16,1,1.0000
QKV,SUB,64,2,4,64,0,1.0000
QKV,SUB,64,2,4,64,2,1.0000
QKV,SUB,64,2,4,128,1,1.0000
QKV,SUB,64,4,2,16,0,1.0000
QKV,SUB,64,4,2,16,2,1.0000
QKV,SUB,64,4,2,64,1,1.0000
QKV,SUB,64,4,2,128,0,1.0000
QKV,SUB,64,4,2,128,2,1.0000
QKV,SUB,64,4,4,16,1,1.0000
QKV,SUB,64,4,4,64,0,1.0000
QKV,SUB,64,4,4,64,2,1.0000
QKV,SUB,64,4,4,128,1,1.0000
QKV,SUB,256,2,2,16,0,1.0000
QKV,SUB,256,2,2,16,2,1.0000
QKV,SUB,256,2,2,64,1,1.0000
QKV,SUB,256,2,2,128,0,1.0000
QKV,SUB,256,2,2,128,2,1.0000
QKV,SUB,256,2,4,16,1,1.0000
QKV,SUB,256,2,4,64,0,1.0000
QKV,SUB,256,2,4,64,2,1.0000
QKV,SUB,256,2,4,128,1,1.0000
QKV,SUB,256,4,2,16,0,1.0000
QKV,SUB,256,4,2,16,2,1.0000
QKV,SUB,256,4,2,64,1,1.0000
QKV,SUB,256,4,2,128,0,1.0000
QKV,SUB,256,4,2,128,2,1.0000
QKV,SUB,256,4,4,16,1,1.0000
QKV,SUB,256,4,4,64,0,1.0000
QKV,SUB,256,4,4,64,2,1.0000
QKV,SUB,256,4,4,128,1,1.0000
QKV,SWAP,32,2,2,16,0,0.4113
QKV,SWAP,32,2,2,16,2,0.3536
QKV,SWAP,32,2,2,64,1,0.1011
QKV,SWAP,32,2,2,128,0,0.1002
QKV,SWAP,32,2,2,128,2,0.1007
QKV,SWAP,32,2,4,16,1,0.1982
QKV,SWAP,32,2,4,64,0,0.1021
QKV,SWAP,32,2,4,64,2,0.1002
QKV,SWAP,32,2,4,128,1,0.1001
QKV,SWAP,32,4,2,16,0,0.2139
QKV,SWAP,32,4,2,16,2,0.3638
QKV,SWAP,32,4,2,64,1,0.1019
QKV,SWAP,32,4,2,128,0,0.1011
QKV,SWAP,32,4,2,128,2,0.1001
QKV,SWAP,32,4,4,16,1,0.2193
QKV,SWAP,32,4,4,64,0,0.1002
QKV,SWAP,32,4,4,64,2,0.1012
QKV,SWAP,32,4,4,128,1,0.1006
QKV,SWAP,64,2,2,16,0,1.0000
QKV,SWAP,64,2,2,16,2,1.0000
QKV,SWAP,64,2,2,64,1,0.1223
QKV,SWAP,64,2,2,128,0,0.0999
QKV,SWAP,64,2,2,128,2,0.1013
QKV,SWAP,64,2,4,16,1,1.0000
QKV,SWAP,64,2,4,64,0,0.1294
QKV,SWAP,64,2,4,64,2,0.1669
QKV,SWAP,64,2,4,128,1,0.1013
QKV,SWAP,64,4,2,16,0,1.0000
QKV,SWAP,64,4,2,16,2,1.0000
QKV,SWAP,64,4,2,64,1,0.1084
QKV,SWAP,64,4,2,128,0,0.1012
QKV,SWAP,64,4,2,128,2,0.1012
QKV,SWAP,64,4,4,16,1,1.0000
QKV,SWAP,64,4,4,64,0,0.1061
QKV,SWAP,64,4,4,64,2,0.1245
QKV,SWAP,64,4,4,128,1,0.1009
QKV,SWAP,256,2,2,16,0,1.0000
QKV,SWAP,256,2,2,16,2,1.0000
QKV,SWAP,256,2,2,64,1,1.0000
QKV,SWAP,256,2,2,128,0,1.0000
QKV,SWAP,256,2,2,128,2,1.0000
QKV,SWAP,256,2,4,16,1,1.0000
QKV,SWAP,256,2,4,64,0,1.0000
QKV,SWAP,256,2,4,64,2,1.0000
QKV,SWAP,256,2,4,128,1,1.0000
QKV,SWAP,256,4,2,16,0,1.0000
QKV,SWAP,256,4,2,16,2,1.0000
QKV,SWAP,256,4,2,64,1,1.0000
QKV,SWAP,256,4,2,128,0,1.0000
QKV,SWAP,256,4,2,128,2,1.0000
QKV,SWAP,256,4,4,16,1,1.0000
QKV,SWAP,256,4,4,64,0,1.0000
QKV,SWAP,256,4,4,64,2,1.0000
QKV,SWAP,256,4,4,128,1,1.0000
QKV,COPY,32,2,2,16,0,1.0000
QKV,COPY,32,2,2,16,2,1.0000
QKV,COPY,32,2,2,64,1,0.9726
QKV,COPY,32,2,2,128,0,0.8659
QKV,COPY,32,2,2,128,2,0.8892
QKV,COPY,32,2,4,16,1,1.0000
QKV,COPY,32,2,4,64,0,0.9349
QKV,COPY,32,2,4,64,2,0.9748
QKV,COPY,32,2,4,128,1,0.8930
QKV,COPY,32,4,2,16,0,1.0000
QKV,COPY,32,4,2,16,2,1.0000
QKV,COPY,32,4,2,64,1,1.0000
QKV,COPY,32,4,2,128,0,0.9946
QKV,COPY,32,4,2,128,2,0.9775
QKV,COPY,32,4,4,16,1,1.0000
QKV,COPY,32,4,4,64,0,1.0000
QKV,COPY,32,4,4,64,2,0.9989
QKV,COPY,32,4,4,128,1,0.9970
QKV,COPY,64,2,2,16,0,1.0000
QKV,COPY,64,2,2,16,2,1.0000
QKV,COPY,64,2,2,64,1,1.0000
QKV,COPY,64,2,2,128,0,1.0000
QKV,COPY,64,2,2,128,2,1.0000
QKV,COPY,64,2,4,16,1,1.0000
QKV,COPY,64,2,4,64,0,1.0000
QKV,COPY,64,2,4,64,2,1.0000
QKV,COPY,64,2,4,128,1,1.0000
QKV,COPY,64,4,2,16,0,1.0000
QKV,COPY,64,4,2,16,2,1.0000
QKV,COPY,64,4,2,64,1,1.0000
QKV,COPY,64,4,2,128,0,1.0000
QKV,COPY,64,4,2,128,2,1.0000
QKV,COPY,64,4,4,16,1,1.0000
QKV,COPY,64,4,4,64,0,1.0000
QKV,COPY,64,4,4,64,2,1.0000
QKV,COPY,64,4,4,128,1,1.0000
QKV,COPY,256,2,2,16,0,1.0000
QKV,COPY,256,2,2,16,2,1.0000
QKV,COPY,256,2,2,64,1,1.0000
QKV,COPY,256,2,2,128,0,1.0000
QKV,COPY,256,2,2,128,2,1.0000
QKV,COPY,256,2,4,16,1,1.0000
QKV,COPY,256,2,4,64,0,1.0000
QKV,COPY,256,2,4,64,2,1.0000
QKV,COPY,256,2,4,128,1,1.0000
QKV,COPY,256,4,2,16,0,1.0000
QKV,COPY,256,4,2,16,2,1.0000
QKV,COPY,256,4,2,64,1,1.0000
QKV,COPY,256,4,2,128,0,1.0000
QKV,COPY,256,4,2,128,2,1.0000
QKV,COPY,256,4,4,16,1,1.0000
QKV,COPY,256,4,4,64,0,1.0000
QKV,COPY,256,4,4,64,2,1.0000
QKV,COPY,256,4,4,128,1,1.0000
Q=K!=V,REVERSE,32,2,2,16,0,0.1716
Q=K!=V,REVERSE,32,2,2,16,2,0.1428
Q=K!=V,REVERSE,32,2,2,64,1,0.1015
Q=K!=V,REVERSE,32,2,2,128,0,0.1011
Q=K!=V,REVERSE,32,2,2,128,2,0.1000
Q=K!=V,REVERSE,32,2,4,16,1,0.2132
Q=K!=V,REVERSE,32,2,4,64,0,0.1009
Q=K!=V,REVERSE,32,2,4,64,2,0.1008
Q=K!=V,REVERSE,32,2,4,128,1,0.0998
Q=K!=V,REVERSE,32,4,2,16,0,0.3227
Q=K!=V,REVERSE,32,4,2,16,2,0.2893
Q=K!=V,REVERSE,32,4,2,64,1,0.1014
Q=K!=V,REVERSE,32,4,2,128,0,0.1007
Q=K!=V,REVERSE,32,4,2,128,2,0.0993
Q=K!=V,REVERSE,32,4,4,16,1,0.2384
Q=K!=V,REVERSE,32,4,4,64,0,0.1015
Q=K!=V,REVERSE,32,4,4,64,2,0.1010
Q=K!=V,REVERSE,32,4,4,128,1,0.0993
Q=K!=V,REVERSE,64,2,2,16,0,0.8720
Q=K!=V,REVERSE,64,2,2,16,2,0.9847
Q=K!=V,REVERSE,64,2,2,64,1,0.1074
Q=K!=V,REVERSE,64,2,2,128,0,0.1005
Q=K!=V,REVERSE,64,2,2,128,2,0.1015
Q=K!=V,REVERSE,64,2,4,16,1,0.9954
Q=K!=V,REVERSE,64,2,4,64,0,0.1139
Q=K!=V,REVERSE,64,2,4,64,2,0.1101
Q=K!=V,REVERSE,64,2,4,128,1,0.1004
Q=K!=V,REVERSE,64,4,2,16,0,0.9991
Q=K!=V,REVERSE,64,4,2,16,2,1.0000
Q=K!=V,REVERSE,64,4,2,64,1,0.1054
Q=K!=V,REVERSE,64,4,2,128,0,0.1022
Q=K!=V,REVERSE,64,4,2,128,2,0.1010
Q=K!=V,REVERSE,64,4,4,16,1,1.0000
Q=K!=V,REVERSE,64,4,4,64,0,0.1063
Q=K!=V,REVERSE,64,4,4,64,2,0.1059
Q=K!=V,REVERSE,64,4,4,128,1,0.1010
Q=K!=V,REVERSE,256,2,2,16,0,1.0000
Q=K!=V,REVERSE,256,2,2,16,2,1.0000
Q=K!=V,REVERSE,256,2,2,64,1,0.9955
Q=K!=V,REVERSE,256,2,2,128,0,0.9843
Q=K!=V,REVERSE,256,2,2,128,2,0.2234
Q=K!=V,REVERSE,256,2,4,16,1,1.0000
Q=K!=V,REVERSE,256,2,4,64,0,1.0000
Q=K!=V,REVERSE,256,2,4,64,2,1.0000
Q=K!=V,REVERSE,256,2,4,128,1,1.0000
Q=K!=V,REVERSE,256,4,2,16,0,1.0000
Q=K!=V,REVERSE,256,4,2,16,2,1.0000
Q=K!=V,REVERSE,256,4,2,64,1,1.0000
Q=K!=V,REVERSE,256,4,2,128,0,0.1792
Q=K!=V,REVERSE,256,4,2,128,2,0.1705
Q=K!=V,REVERSE,256,4,4,16,1,1.0000
Q=K!=V,REVERSE,256,4,4,64,0,1.0000
Q=K!=V,REVERSE,256,4,4,64,2,1.0000
Q=K!=V,REVERSE,256,4,4,128,1,0.4262
Q=K!=V,SORT,32,2,2,16,0,0.4397
Q=K!=V,SORT,32,2,2,16,2,0.4489
Q=K!=V,SORT,32,2,2,64,1,0.6426
Q=K!=V,SORT,32,2,2,128,0,0.7333
Q=K!=V,SORT,32,2,2,128,2,0.7321
Q=K!=V,SORT,32,2,4,16,1,0.4478
Q=K!=V,SORT,32,2,4,64,0,0.6388
Q=K!=V,SORT,32,2,4,64,2,0.6402
Q=K!=V,SORT,32,2,4,128,1,0.7310
Q=K!=V,SORT,32,4,2,16,0,0.4663
Q=K!=V,SORT,32,4,2,16,2,0.5273
Q=K!=V,SORT,32,4,2,64,1,0.6509
Q=K!=V,SORT,32,4,2,128,0,0.7356
Q=K!=V,SORT,32,4,2,128,2,0.7363
Q=K!=V,SORT,32,4,4,16,1,0.5616
Q=K!=V,SORT,32,4,4,64,0,0.6426
Q=K!=V,SORT,32,4,4,64,2,0.6491
Q=K!=V,SORT,32,4,4,128,1,0.7387
Q=K!=V,SORT,64,2,2,16,0,0.5417
Q=K!=V,SORT,64,2,2,16,2,0.4665
Q=K!=V,SORT,64,2,2,64,1,0.6504
Q=K!=V,SORT,64,2,2,128,0,0.7409
Q=K!=V,SORT,64,2,2,128,2,0.7395
Q=K!=V,SORT,64,2,4,16,1,0.5031
Q=K!=V,SORT,64,2,4,64,0,0.6743
Q=K!=V,SORT,64,2,4,64,2,0.6532
Q=K!=V,SORT,64,2,4,128,1,0.7428
Q=K!=V,SORT,64,4,2,16,0,0.6496
Q=K!=V,SORT,64,4,2,16,2,0.6405
Q=K!=V,SORT,64,4,2,64,1,0.7136
Q=K!=V,SORT,64,4,2,128,0,0.7791
Q=K!=V,SORT,64,4,2,128,2,0.7774
Q=K!=V,SORT,64,4,4,16,1,0.6438
Q=K!=V,SORT,64,4,4,64,0,0.7560
Q=K!=V,SORT,64,4,4,64,2,0.7175
Q=K!=V,SORT,64,4,4,128,1,0.7614
Q=K!=V,SORT,256,2,2,16,0,0.6327
Q=K!=V,SORT,256,2,2,16,2,0.6936
Q=K!=V,SORT,256,2,2,64,1,0.7150
Q=K!=V,SORT,256,2,2,128,0,0.7662
Q=K!=V,SORT,256,2,2,128,2,0.7667
Q=K!=V,SORT,256,2,4,16,1,0.7210
Q=K!=V,SORT,256,2,4,64,0,0.8066
Q=K!=V,SORT,256,2,4,64,2,0.7702
Q=K!=V,SORT,256,2,4,128,1,0.8424
Q=K!=V,SORT,256,4,2,16,0,0.7511
Q=K!=V,SORT,256,4,2,16,2,0.7019
Q=K!=V,SORT,256,4,2,64,1,0.7894
Q=K!=V,SORT,256,4,2,128,0,0.8454
Q=K!=V,SORT,256,4,2,128,2,0.8333
Q=K!=V,SORT,256,4,4,16,1,0.7594
Q=K!=V,SORT,256,4,4,64,0,0.8265
Q=K!=V,SORT,256,4,4,64,2,0.8402
Q=K!=V,SORT,256,4,4,128,1,0.8851
Q=K!=V,SUB,32,2,2,16,0,1.0000
Q=K!=V,SUB,32,2,2,16,2,1.0000
Q=K!=V,SUB,32,2,2,64,1,0.9718
Q=K!=V,SUB,32,2,2,128,0,0.8888
Q=K!=V,SUB,32,2,2,128,2,0.8801
Q=K!=V,SUB,32,2,4,16,1,1.0000
Q=K!=V,SUB,32,2,4,64,0,0.9638
Q=K!=V,SUB,32,2,4,64,2,0.9681
Q=K!=V,SUB,32,2,4,128,1,0.8891
Q=K!=V,SUB,32,4,2,16,0,1.0000
Q=K!=V,SUB,32,4,2,16,2,1.0000
Q=K!=V,SUB,32,4,2,64,1,1.0000
Q=K!=V,SUB,32,4,2,128,0,0.9894
Q=K!=V,SUB,32,4,2,128,2,0.9836
Q=K!=V,SUB,32,4,4,16,1,1.0000
Q=K!=V,SUB,32,4,4,64,0,1.0000
Q=K!=V,SUB,32,4,4,64,2,0.9969
Q=K!=V,SUB,32,4,4,128,1,0.9904
Q=K!=V,SUB,64,2,2,16,0,1.0000
Q=K!=V,SUB,64,2,2,16,2,1.0000
Q=K!=V,SUB,64,2,2,64,1,1.0000
Q=K!=V,SUB,64,2,2,128,0,1.0000
Q=K!=V,SUB,64,2,2,128,2,1.0000
Q=K!=V,SUB,64,2,4,16,1,1.0000
Q=K!=V,SUB,64,2,4,64,0,1.0000
Q=K!=V,SUB,64,2,4,64,2,1.0000
Q=K!=V,SUB,64,2,4,128,1,1.0000
Q=K!=V,SUB,64,4,2,16,0,1.0000
Q=K!=V,SUB,64,4,2,16,2,1.0000
Q=K!=V,SUB,64,4,2,64,1,1.0000
Q=K!=V,SUB,64,4,2,128,0,1.0000
Q=K!=V,SUB,64,4,2,128,2,1.0000
Q=K!=V,SUB,64,4,4,16,1,1.0000
Q=K!=V,SUB,64,4,4,64,0,1.0000
Q=K!=V,SUB,64,4,4,64,2,1.0000
Q=K!=V,SUB,64,4,4,128,1,1.0000
Q=K!=V,SUB,256,2,2,16,0,1.0000
Q=K!=V,SUB,256,2,2,16,2,1.0000
Q=K!=V,SUB,256,2,2,64,1,1.0000
Q=K!=V,SUB,256,2,2,128,0,1.0000
Q=K!=V,SUB,256,2,2,128,2,1.0000
Q=K!=V,SUB,256,2,4,16,1,1.0000
Q=K!=V,SUB,256,2,4,64,0,1.0000
Q=K!=V,SUB,256,2,4,64,2,1.0000
Q=K!=V,SUB,256,2,4,128,1,1.0000
Q=K!=V,SUB,256,4,2,16,0,1.0000
Q=K!=V,SUB,256,4,2,16,2,1.0000
Q=K!=V,SUB,256,4,2,64,1,1.0000
Q=K!=V,SUB,256,4,2,128,0,1.0000
Q=K!=V,SUB,256,4,2,128,2,1.0000
Q=K!=V,SUB,256,4,4,16,1,1.0000
Q=K!=V,SUB,256,4,4,64,0,1.0000
Q=K!=V,SUB,256,4,4,64,2,1.0000
Q=K!=V,SUB,256,4,4,128,1,1.0000
Q=K!=V,SWAP,32,2,2,16,0,0.1373
Q=K!=V,SWAP,32,2,2,16,2,0.1277
Q=K!=V,SWAP,32,2,2,64,1,0.0997
Q=K!=V,SWAP,32,2,2,128,0,0.1000
Q=K!=V,SWAP,32,2,2,128,2,0.1012
Q=K!=V,SWAP,32,2,4,16,1,0.1992
Q=K!=V,SWAP,32,2,4,64,0,0.1005
Q=K!=V,SWAP,32,2,4,64,2,0.1008
Q=K!=V,SWAP,32,2,4,128,1,0.0998
Q=K!=V,SWAP,32,4,2,16,0,0.3338
Q=K!=V,SWAP,32,4,2,16,2,0.1492
Q=K!=V,SWAP,32,4,2,64,1,0.1008
Q=K!=V,SWAP,32,4,2,128,0,0.0999
Q=K!=V,SWAP,32,4,2,128,2,0.1002
Q=K!=V,SWAP,32,4,4,16,1,0.1904
Q=K!=V,SWAP,32,4,4,64,0,0.0999
Q=K!=V,SWAP,32,4,4,64,2,0.1019
Q=K!=V,SWAP,32,4,4,128,1,0.1000
Q=K!=V,SWAP,64,2,2,16,0,0.9992
Q=K!=V,SWAP,64,2,2,16,2,0.9960
Q=K!=V,SWAP,64,2,2,64,1,0.1059
Q=K!=V,SWAP,64,2,2,128,0,0.1015
Q=K!=V,SWAP,64,2,2,128,2,0.1008
Q=K!=V,SWAP,64,2,4,16,1,0.9853
Q=K!=V,SWAP,64,2,4,64,0,0.1167
Q=K!=V,SWAP,64,2,4,64,2,0.1131
Q=K!=V,SWAP,64,2,4,128,1,0.1014
Q=K!=V,SWAP,64,4,2,16,0,1.0000
Q=K!=V,SWAP,64,4,2,16,2,1.0000
Q=K!=V,SWAP,64,4,2,64,1,0.1051
Q=K!=V,SWAP,64,4,2,128,0,0.1010
Q=K!=V,SWAP,64,4,2,128,2,0.1018
Q=K!=V,SWAP,64,4,4,16,1,0.9999
Q=K!=V,SWAP,64,4,4,64,0,0.1070
Q=K!=V,SWAP,64,4,4,64,2,0.1114
Q=K!=V,SWAP,64,4,4,128,1,0.1010
Q=K!=V,SWAP,256,2,2,16,0,1.0000
Q=K!=V,SWAP,256,2,2,16,2,1.0000
Q=K!=V,SWAP,256,2,2,64,1,1.0000
Q=K!=V,SWAP,256,2,2,128,0,0.9593
Q=K!=V,SWAP,256,2,2,128,2,0.4347
Q=K!=V,SWAP,256,2,4,16,1,1.0000
Q=K!=V,SWAP,256,2,4,64,0,1.0000
Q=K!=V,SWAP,256,2,4,64,2,1.0000
Q=K!=V,SWAP,256,2,4,128,1,1.0000
Q=K!=V,SWAP,256,4,2,16,0,1.0000
Q=K!=V,SWAP,256,4,2,16,2,1.0000
Q=K!=V,SWAP,256,4,2,64,1,1.0000
Q=K!=V,SWAP,256,4,2,128,0,0.1259
Q=K!=V,SWAP,256,4,2,128,2,0.2173
Q=K!=V,SWAP,256,4,4,16,1,1.0000
Q=K!=V,SWAP,256,4,4,64,0,1.0000
Q=K!=V,SWAP,256,4,4,64,2,1.0000
Q=K!=V,SWAP,256,4,4,128,1,0.5606
Q=K!=V,COPY,32,2,2,16,0,1.0000
Q=K!=V,COPY,32,2,2,16,2,1.0000
Q=K!=V,COPY,32,2,2,64,1,0.9942
Q=K!=V,COPY,32,2,2,128,0,0.9108
Q=K!=V,COPY,32,2,2,128,2,0.9185
Q=K!=V,COPY,32,2,4,16,1,1.0000
Q=K!=V,COPY,32,2,4,64,0,0.9729
Q=K!=V,COPY,32,2,4,64,2,0.9830
Q=K!=V,COPY,32,2,4,128,1,0.9275
Q=K!=V,COPY,32,4,2,16,0,1.0000
Q=K!=V,COPY,32,4,2,16,2,1.0000
Q=K!=V,COPY,32,4,2,64,1,1.0000
Q=K!=V,COPY,32,4,2,128,0,0.9846
Q=K!=V,COPY,32,4,2,128,2,0.9825
Q=K!=V,COPY,32,4,4,16,1,1.0000
Q=K!=V,COPY,32,4,4,64,0,0.9963
Q=K!=V,COPY,32,4,4,64,2,1.0000
Q=K!=V,COPY,32,4,4,128,1,0.9876
Q=K!=V,COPY,64,2,2,16,0,1.0000
Q=K!=V,COPY,64,2,2,16,2,1.0000
Q=K!=V,COPY,64,2,2,64,1,1.0000
Q=K!=V,COPY,64,2,2,128,0,1.0000
Q=K!=V,COPY,64,2,2,128,2,1.0000
Q=K!=V,COPY,64,2,4,16,1,1.0000
Q=K!=V,COPY,64,2,4,64,0,1.0000
Q=K!=V,COPY,64,2,4,64,2,1.0000
Q=K!=V,COPY,64,2,4,128,1,1.0000
Q=K!=V,COPY,64,4,2,16,0,1.0000
Q=K!=V,COPY,64,4,2,16,2,1.0000
Q=K!=V,COPY,64,4,2,64,1,1.0000
Q=K!=V,COPY,64,4,2,128,0,1.0000
Q=K!=V,COPY,64,4,2,128,2,1.0000
Q=K!=V,COPY,64,4,4,16,1,1.0000
Q=K!=V,COPY,64,4,4,64,0,1.0000
Q=K!=V,COPY,64,4,4,64,2,1.0000
Q=K!=V,COPY,64,4,4,128,1,1.0000
Q=K!=V,COPY,256,2,2,16,0,1.0000
Q=K!=V,COPY,256,2,2,16,2,1.0000
Q=K!=V,COPY,256,2,2,64,1,1.0000
Q=K!=V,COPY,256,2,2,128,0,1.0000
Q=K!=V,COPY,256,2,2,128,2,1.0000
Q=K!=V,COPY,256,2,4,16,1,1.0000
Q=K!=V,COPY,256,2,4,64,0,1.0000
Q=K!=V,COPY,256,2,4,64,2,1.0000
Q=K!=V,COPY,256,2,4,128,1,1.0000
Q=K!=V,COPY,256,4,2,16,0,1.0000
Q=K!=V,COPY,256,4,2,16,2,1.0000
Q=K!=V,COPY,256,4,2,64,1,1.0000
Q=K!=V,COPY,256,4,2,128,0,1.0000
Q=K!=V,COPY,256,4,2,128,2,1.0000
Q=K!=V,COPY,256,4,4,16,1,1.0000
Q=K!=V,COPY,256,4,4,64,0,1.0000
Q=K!=V,COPY,256,4,4,64,2,1.0000
Q=K!=V,COPY,256,4,4,128,1,1.0000
(Q=K!=V)+,REVERSE,32,2,2,16,0,0.1729
(Q=K!=V)+,REVERSE,32,2,2,16,2,0.4887
(Q=K!=V)+,REVERSE,32,2,2,64,1,0.1025
(Q=K!=V)+,REVERSE,32,2,2,128,0,0.1011
(Q=K!=V)+,REVERSE,32,2,2,128,2,0.1005
(Q=K!=V)+,REVERSE,32,2,4,16,1,0.2628
(Q=K!=V)+,REVERSE,32,2,4,64,0,0.1003
(Q=K!=V)+,REVERSE,32,2,4,64,2,0.1017
(Q=K!=V)+,REVERSE,32,2,4,128,1,0.1010
(Q=K!=V)+,REVERSE,32,4,2,16,0,0.3416
(Q=K!=V)+,REVERSE,32,4,2,16,2,0.2919
(Q=K!=V)+,REVERSE,32,4,2,64,1,0.1024
(Q=K!=V)+,REVERSE,32,4,2,128,0,0.0993
(Q=K!=V)+,REVERSE,32,4,2,128,2,0.1000
(Q=K!=V)+,REVERSE,32,4,4,16,1,0.1547
(Q=K!=V)+,REVERSE,32,4,4,64,0,0.1018
(Q=K!=V)+,REVERSE,32,4,4,64,2,0.1031
(Q=K!=V)+,REVERSE,32,4,4,128,1,0.1003
(Q=K!=V)+,REVERSE,64,2,2,16,0,1.0000
(Q=K!=V)+,REVERSE,64,2,2,16,2,1.0000
(Q=K!=V)+,REVERSE,64,2,2,64,1,0.1429
(Q=K!=V)+,REVERSE,64,2,2,128,0,0.1013
(Q=K!=V)+,REVERSE,64,2,2,128,2,0.1011
(Q=K!=V)+,REVERSE,64,2,4,16,1,1.0000
(Q=K!=V)+,REVERSE,64,2,4,64,0,0.1313
(Q=K!=V)+,REVERSE,64,2,4,64,2,0.1354
(Q=K!=V)+,REVERSE,64,2,4,128,1,0.1012
(Q=K!=V)+,REVERSE,64,4,2,16,0,1.0000
(Q=K!=V)+,REVERSE,64,4,2,16,2,1.0000
(Q=K!=V)+,REVERSE,64,4,2,64,1,0.1137
(Q=K!=V)+,REVERSE,64,4,2,128,0,0.1019
(Q=K!=V)+,REVERSE,64,4,2,128,2,0.1013
(Q=K!=V)+,REVERSE,64,4,4,16,1,0.9995
(Q=K!=V)+,REVERSE,64,4,4,64,0,0.1137
(Q=K!=V)+,REVERSE,64,4,4,64,2,0.1091
(Q=K!=V)+,REVERSE,64,4,4,128,1,0.1014
(Q=K!=V)+,REVERSE,256,2,2,16,0,1.0000
(Q=K!=V)+,REVERSE,256,2,2,16,2,1.0000
(Q=K!=V)+,REVERSE,256,2,2,64,1,1.0000
(Q=K!=V)+,REVERSE,256,2,2,128,0,1.0000
(Q=K!=V)+,REVERSE,256,2,2,128,2,1.0000
(Q=K!=V)+,REVERSE,256,2,4,16,1,1.0000
(Q=K!=V)+,REVERSE,256,2,4,64,0,1.0000
(Q=K!=V)+,REVERSE,256,2,4,64,2,1.0000
(Q=K!=V)+,REVERSE,256,2,4,128,1,1.0000
(Q=K!=V)+,REVERSE,256,4,2,16,0,1.0000
(Q=K!=V)+,REVERSE,256,4,2,16,2,1.0000
(Q=K!=V)+,REVERSE,256,4,2,64,1,1.0000
(Q=K!=V)+,REVERSE,256,4,2,128,0,1.0000
(Q=K!=V)+,REVERSE,256,4,2,128,2,1.0000
(Q=K!=V)+,REVERSE,256,4,4,16,1,1.0000
(Q=K!=V)+,REVERSE,256,4,4,64,0,1.0000
(Q=K!=V)+,REVERSE,256,4,4,64,2,1.0000
(Q=K!=V)+,REVERSE,256,4,4,128,1,1.0000
(Q=K!=V)+,SORT,32,2,2,16,0,0.4552
(Q=K!=V)+,SORT,32,2,2,16,2,0.4767
(Q=K!=V)+,SORT,32,2,2,64,1,0.6388
(Q=K!=V)+,SORT,32,2,2,128,0,0.7319
(Q=K!=V)+,SORT,32,2,2,128,2,0.7304
(Q=K!=V)+,SORT,32,2,4,16,1,0.4795
(Q=K!=V)+,SORT,32,2,4,64,0,0.6388
(Q=K!=V)+,SORT,32,2,4,64,2,0.6416
(Q=K!=V)+,SORT,32,2,4,128,1,0.7311
(Q=K!=V)+,SORT,32,4,2,16,0,0.5225
(Q=K!=V)+,SORT,32,4,2,16,2,0.6341
(Q=K!=V)+,SORT,32,4,2,64,1,0.6512
(Q=K!=V)+,SORT,32,4,2,128,0,0.7350
(Q=K!=V)+,SORT,32,4,2,128,2,0.7358
(Q=K!=V)+,SORT,32,4,4,16,1,0.5870
(Q=K!=V)+,SORT,32,4,4,64,0,0.6498
(Q=K!=V)+,SORT,32,4,4,64,2,0.6498
(Q=K!=V)+,SORT,32,4,4,128,1,0.7391
(Q=K!=V)+,SORT,64,2,2,16,0,0.7076
(Q=K!=V)+,SORT,64,2,2,16,2,0.6853
(Q=K!=V)+,SORT,64,2,2,64,1,0.6586
(Q=K!=V)+,SORT,64,2,2,128,0,0.7477
(Q=K!=V)+,SORT,64,2,2,128,2,0.7395
(Q=K!=V)+,SORT,64,2,4,16,1,0.6582
(Q=K!=V)+,SORT,64,2,4,64,0,0.6965
(Q=K!=V)+,SORT,64,2,4,64,2,0.6741
(Q=K!=V)+,SORT,64,2,4,128,1,0.7407
(Q=K!=V)+,SORT,64,4,2,16,0,0.7805
(Q=K!=V)+,SORT,64,4,2,16,2,0.8433
(Q=K!=V)+,SORT,64,4,2,64,1,0.7627
(Q=K!=V)+,SORT,64,4,2,128,0,0.8154
(Q=K!=V)+,SORT,64,4,2,128,2,0.7854
(Q=K!=V)+,SORT,64,4,4,16,1,0.8278
(Q=K!=V)+,SORT,64,4,4,64,0,0.7738
(Q=K!=V)+,SORT,64,4,4,64,2,0.7796
(Q=K!=V)+,SORT,64,4,4,128,1,0.7746
(Q=K!=V)+,SORT,256,2,2,16,0,0.9921
(Q=K!=V)+,SORT,256,2,2,16,2,0.9945
(Q=K!=V)+,SORT,256,2,2,64,1,0.8729
(Q=K!=V)+,SORT,256,2,2,128,0,0.9117
(Q=K!=V)+,SORT,256,2,2,128,2,0.9066
(Q=K!=V)+,SORT,256,2,4,16,1,0.9934
(Q=K!=V)+,SORT,256,2,4,64,0,0.8867
(Q=K!=V)+,SORT,256,2,4,64,2,0.8784
(Q=K!=V)+,SORT,256,2,4,128,1,0.8986
(Q=K!=V)+,SORT,256,4,2,16,0,0.9948
(Q=K!=V)+,SORT,256,4,2,16,2,0.9944
(Q=K!=V)+,SORT,256,4,2,64,1,0.8837
(Q=K!=V)+,SORT,256,4,2,128,0,0.9055
(Q=K!=V)+,SORT,256,4,2,128,2,0.9010
(Q=K!=V)+,SORT,256,4,4,16,1,0.9956
(Q=K!=V)+,SORT,256,4,4,64,0,0.8805
(Q=K!=V)+,SORT,256,4,4,64,2,0.8867
(Q=K!=V)+,SORT,256,4,4,128,1,0.8950
(Q=K!=V)+,SUB,32,2,2,16,0,1.0000
(Q=K!=V)+,SUB,32,2,2,16,2,1.0000
(Q=K!=V)+,SUB,32,2,2,64,1,0.9867
(Q=K!=V)+,SUB,32,2,2,128,0,0.9030
(Q=K!=V)+,SUB,32,2,2,128,2,0.8941
(Q=K!=V)+,SUB,32,2,4,16,1,1.0000
(Q=K!=V)+,SUB,32,2,4,64,0,0.9679
(Q=K!=V)+,SUB,32,2,4,64,2,0.9777
(Q=K!=V)+,SUB,32,2,4,128,1,0.9074
(Q=K!=V)+,SUB,32,4,2,16,0,1.0000
(Q=K!=V)+,SUB,32,4,2,16,2,1.0000
(Q=K!=V)+,SUB,32,4,2,64,1,1.0000
(Q=K!=V)+,SUB,32,4,2,128,0,0.9955
(Q=K!=V)+,SUB,32,4,2,128,2,0.9786
(Q=K!=V)+,SUB,32,4,4,16,1,1.0000
(Q=K!=V)+,SUB,32,4,4,64,0,0.9986
(Q=K!=V)+,SUB,32,4,4,64,2,1.0000
(Q=K!=V)+,SUB,32,4,4,128,1,0.9888
(Q=K!=V)+,SUB,64,2,2,16,0,1.0000
(Q=K!=V)+,SUB,64,2,2,16,2,1.0000
(Q=K!=V)+,SUB,64,2,2,64,1,1.0000
(Q=K!=V)+,SUB,64,2,2,128,0,1.0000
(Q=K!=V)+,SUB,64,2,2,128,2,1.0000
(Q=K!=V)+,SUB,64,2,4,16,1,1.0000
(Q=K!=V)+,SUB,64,2,4,64,0,1.0000
(Q=K!=V)+,SUB,64,2,4,64,2,1.0000
(Q=K!=V)+,SUB,64,2,4,128,1,1.0000
(Q=K!=V)+,SUB,64,4,2,16,0,1.0000
(Q=K!=V)+,SUB,64,4,2,16,2,1.0000
(Q=K!=V)+,SUB,64,4,2,64,1,1.0000
(Q=K!=V)+,SUB,64,4,2,128,0,1.0000
(Q=K!=V)+,SUB,64,4,2,128,2,1.0000
(Q=K!=V)+,SUB,64,4,4,16,1,1.0000
(Q=K!=V)+,SUB,64,4,4,64,0,1.0000
(Q=K!=V)+,SUB,64,4,4,64,2,1.0000
(Q=K!=V)+,SUB,64,4,4,128,1,1.0000
(Q=K!=V)+,SUB,256,2,2,16,0,1.0000
(Q=K!=V)+,SUB,256,2,2,16,2,1.0000
(Q=K!=V)+,SUB,256,2,2,64,1,1.0000
(Q=K!=V)+,SUB,256,2,2,128,0,1.0000
(Q=K!=V)+,SUB,256,2,2,128,2,1.0000
(Q=K!=V)+,SUB,256,2,4,16,1,1.0000
(Q=K!=V)+,SUB,256,2,4,64,0,1.0000
(Q=K!=V)+,SUB,256,2,4,64,2,1.0000
(Q=K!=V)+,SUB,256,2,4,128,1,1.0000
(Q=K!=V)+,SUB,256,4,2,16,0,1.0000
(Q=K!=V)+,SUB,256,4,2,16,2,1.0000
(Q=K!=V)+,SUB,256,4,2,64,1,1.0000
(Q=K!=V)+,SUB,256,4,2,128,0,1.0000
(Q=K!=V)+,SUB,256,4,2,128,2,1.0000
(Q=K!=V)+,SUB,256,4,4,16,1,1.0000
(Q=K!=V)+,SUB,256,4,4,64,0,1.0000
(Q=K!=V)+,SUB,256,4,4,64,2,1.0000
(Q=K!=V)+,SUB,256,4,4,128,1,1.0000
(Q=K!=V)+,SWAP,32,2,2,16,0,0.1682
(Q=K!=V)+,SWAP,32,2,2,16,2,0.6775
(Q=K!=V)+,SWAP,32,2,2,64,1,0.1025
(Q=K!=V)+,SWAP,32,2,2,128,0,0.0994
(Q=K!=V)+,SWAP,32,2,2,128,2,0.1007
(Q=K!=V)+,SWAP,32,2,4,16,1,0.2848
(Q=K!=V)+,SWAP,32,2,4,64,0,0.1013
(Q=K!=V)+,SWAP,32,2,4,64,2,0.1028
(Q=K!=V)+,SWAP,32,2,4,128,1,0.0999
(Q=K!=V)+,SWAP,32,4,2,16,0,0.3168
(Q=K!=V)+,SWAP,32,4,2,16,2,0.4485
(Q=K!=V)+,SWAP,32,4,2,64,1,0.1027
(Q=K!=V)+,SWAP,32,4,2,128,0,0.1001
(Q=K!=V)+,SWAP,32,4,2,128,2,0.1009
(Q=K!=V)+,SWAP,32,4,4,16,1,0.1585
(Q=K!=V)+,SWAP,32,4,4,64,0,0.1012
(Q=K!=V)+,SWAP,32,4,4,64,2,0.1021
(Q=K!=V)+,SWAP,32,4,4,128,1,0.1002
(Q=K!=V)+,SWAP,64,2,2,16,0,1.0000
(Q=K!=V)+,SWAP,64,2,2,16,2,1.0000
(Q=K!=V)+,SWAP,64,2,2,64,1,0.2783
(Q=K!=V)+,SWAP,64,2,2,128,0,0.1028
(Q=K!=V)+,SWAP,64,2,2,128,2,0.1012
(Q=K!=V)+,SWAP,64,2,4,16,1,1.0000
(Q=K!=V)+,SWAP,64,2,4,64,0,0.1283
(Q=K!=V)+,SWAP,64,2,4,64,2,0.1389
(Q=K!=V)+,SWAP,64,2,4,128,1,0.1013
(Q=K!=V)+,SWAP,64,4,2,16,0,1.0000
(Q=K!=V)+,SWAP,64,4,2,16,2,1.0000
(Q=K!=V)+,SWAP,64,4,2,64,1,0.1285
(Q=K!=V)+,SWAP,64,4,2,128,0,0.1016
(Q=K!=V)+,SWAP,64,4,2,128,2,0.1024
(Q=K!=V)+,SWAP,64,4,4,16,1,1.0000
(Q=K!=V)+,SWAP,64,4,4,64,0,0.1126
(Q=K!=V)+,SWAP,64,4,4,64,2,0.1090
(Q=K!=V)+,SWAP,64,4,4,128,1,0.1016
(Q=K!=V)+,SWAP,256,2,2,16,0,1.0000
(Q=K!=V)+,SWAP,256,2,2,16,2,1.0000
(Q=K!=V)+,SWAP,256,2,2,64,1,1.0000
(Q=K!=V)+,SWAP,256,2,2,128,0,1.0000
(Q=K!=V)+,SWAP,256,2,2,128,2,1.0000
(Q=K!=V)+,SWAP,256,2,4,16,1,1.0000
(Q=K!=V)+,SWAP,256,2,4,64,0,1.0000
(Q=K!=V)+,SWAP,256,2,4,64,2,1.0000
(Q=K!=V)+,SWAP,256,2,4,128,1,1.0000
(Q=K!=V)+,SWAP,256,4,2,16,0,1.0000
(Q=K!=V)+,SWAP,256,4,2,16,2,1.0000
(Q=K!=V)+,SWAP,256,4,2,64,1,1.0000
(Q=K!=V)+,SWAP,256,4,2,128,0,1.0000
(Q=K!=V)+,SWAP,256,4,2,128,2,1.0000
(Q=K!=V)+,SWAP,256,4,4,16,1,1.0000
(Q=K!=V)+,SWAP,256,4,4,64,0,1.0000
(Q=K!=V)+,SWAP,256,4,4,64,2,1.0000
(Q=K!=V)+,SWAP,256,4,4,128,1,1.0000
(Q=K!=V)+,COPY,32,2,2,16,0,1.0000
(Q=K!=V)+,COPY,32,2,2,16,2,1.0000
(Q=K!=V)+,COPY,32,2,2,64,1,0.9625
(Q=K!=V)+,COPY,32,2,2,128,0,0.8827
(Q=K!=V)+,COPY,32,2,2,128,2,0.8766
(Q=K!=V)+,COPY,32,2,4,16,1,1.0000
(Q=K!=V)+,COPY,32,2,4,64,0,0.9644
(Q=K!=V)+,COPY,32,2,4,64,2,0.9698
(Q=K!=V)+,COPY,32,2,4,128,1,0.8911
(Q=K!=V)+,COPY,32,4,2,16,0,1.0000
(Q=K!=V)+,COPY,32,4,2,16,2,1.0000
(Q=K!=V)+,COPY,32,4,2,64,1,1.0000
(Q=K!=V)+,COPY,32,4,2,128,0,0.9850
(Q=K!=V)+,COPY,32,4,2,128,2,0.9788
(Q=K!=V)+,COPY,32,4,4,16,1,1.0000
(Q=K!=V)+,COPY,32,4,4,64,0,1.0000
(Q=K!=V)+,COPY,32,4,4,64,2,1.0000
(Q=K!=V)+,COPY,32,4,4,128,1,0.9807
(Q=K!=V)+,COPY,64,2,2,16,0,1.0000
(Q=K!=V)+,COPY,64,2,2,16,2,1.0000
(Q=K!=V)+,COPY,64,2,2,64,1,1.0000
(Q=K!=V)+,COPY,64,2,2,128,0,1.0000
(Q=K!=V)+,COPY,64,2,2,128,2,1.0000
(Q=K!=V)+,COPY,64,2,4,16,1,1.0000
(Q=K!=V)+,COPY,64,2,4,64,0,1.0000
(Q=K!=V)+,COPY,64,2,4,64,2,1.0000
(Q=K!=V)+,COPY,64,2,4,128,1,1.0000
(Q=K!=V)+,COPY,64,4,2,16,0,1.0000
(Q=K!=V)+,COPY,64,4,2,16,2,1.0000
(Q=K!=V)+,COPY,64,4,2,64,1,1.0000
(Q=K!=V)+,COPY,64,4,2,128,0,1.0000
(Q=K!=V)+,COPY,64,4,2,128,2,1.0000
(Q=K!=V)+,COPY,64,4,4,16,1,1.0000
(Q=K!=V)+,COPY,64,4,4,64,0,1.0000
(Q=K!=V)+,COPY,64,4,4,64,2,1.0000
(Q=K!=V)+,COPY,64,4,4,128,1,1.0000
(Q=K!=V)+,COPY,256,2,2,16,0,1.0000
(Q=K!=V)+,COPY,256,2,2,16,2,1.0000
(Q=K!=V)+,COPY,256,2,2,64,1,1.0000
(Q=K!=V)+,COPY,256,2,2,128,0,1.0000
(Q=K!=V)+,COPY,256,2,2,128,2,1.0000
(Q=K!=V)+,COPY,256,2,4,16,1,1.0000
(Q=K!=V)+,COPY,256,2,4,64,0,1.0000
(Q=K!=V)+,COPY,256,2,4,64,2,1.0000
(Q=K!=V)+,COPY,256,2,4,128,1,1.0000
(Q=K!=V)+,COPY,256,4,2,16,0,1.0000
(Q=K!=V)+,COPY,256,4,2,16,2,1.0000
(Q=K!=V)+,COPY,256,4,2,64,1,1.0000
(Q=K!=V)+,COPY,256,4,2,128,0,1.0000
(Q=K!=V)+,COPY,256,4,2,128,2,1.0000
(Q=K!=V)+,COPY,256,4,4,16,1,1.0000
(Q=K!=V)+,COPY,256,4,4,64,0,1.0000
(Q=K!=V)+,COPY,256,4,4,64,2,1.0000
(Q=K!=V)+,COPY,256,4,4,128,1,1.0000
Q!=K=V,REVERSE,32,2,2,16,0,0.2701
Q!=K=V,REVERSE,32,2,2,16,2,0.1977
Q!=K=V,REVERSE,32,2,2,64,1,0.1019
Q!=K=V,REVERSE,32,2,2,128,0,0.1008
Q!=K=V,REVERSE,32,2,2,128,2,0.0997
Q!=K=V,REVERSE,32,2,4,16,1,0.1611
Q!=K=V,REVERSE,32,2,4,64,0,0.1018
Q!=K=V,REVERSE,32,2,4,64,2,0.1004
Q!=K=V,REVERSE,32,2,4,128,1,0.0999
Q!=K=V,REVERSE,32,4,2,16,0,0.3731
Q!=K=V,REVERSE,32,4,2,16,2,0.3495
Q!=K=V,REVERSE,32,4,2,64,1,0.1019
Q!=K=V,REVERSE,32,4,2,128,0,0.1005
Q!=K=V,REVERSE,32,4,2,128,2,0.0995
Q!=K=V,REVERSE,32,4,4,16,1,0.1664
Q!=K=V,REVERSE,32,4,4,64,0,0.1013
Q!=K=V,REVERSE,32,4,4,64,2,0.1012
Q!=K=V,REVERSE,32,4,4,128,1,0.0995
Q!=K=V,REVERSE,64,2,2,16,0,1.0000
Q!=K=V,REVERSE,64,2,2,16,2,1.0000
Q!=K=V,REVERSE,64,2,2,64,1,0.1087
Q!=K=V,REVERSE,64,2,2,128,0,0.1002
Q!=K=V,REVERSE,64,2,2,128,2,0.1020
Q!=K=V,REVERSE,64,2,4,16,1,0.9999
Q!=K=V,REVERSE,64,2,4,64,0,0.1121
Q!=K=V,REVERSE,64,2,4,64,2,0.1131
Q!=K=V,REVERSE,64,2,4,128,1,0.1008
Q!=K=V,REVERSE,64,4,2,16,0,1.0000
Q!=K=V,REVERSE,64,4,2,16,2,1.0000
Q!=K=V,REVERSE,64,4,2,64,1,0.1069
Q!=K=V,REVERSE,64,4,2,128,0,0.1023
Q!=K=V,REVERSE,64,4,2,128,2,0.1015
Q!=K=V,REVERSE,64,4,4,16,1,0.9997
Q!=K=V,REVERSE,64,4,4,64,0,0.1076
Q!=K=V,REVERSE,64,4,4,64,2,0.1086
Q!=K=V,REVERSE,64,4,4,128,1,0.1008
Q!=K=V,REVERSE,256,2,2,16,0,1.0000
Q!=K=V,REVERSE,256,2,2,16,2,1.0000
Q!=K=V,REVERSE,256,2,2,64,1,1.0000
Q!=K=V,REVERSE,256,2,2,128,0,1.0000
Q!=K=V,REVERSE,256,2,2,128,2,1.0000
Q!=K=V,REVERSE,256,2,4,16,1,1.0000
Q!=K=V,REVERSE,256,2,4,64,0,1.0000
Q!=K=V,REVERSE,256,2,4,64,2,1.0000
Q!=K=V,REVERSE,256,2,4,128,1,1.0000
Q!=K=V,REVERSE,256,4,2,16,0,1.0000
Q!=K=V,REVERSE,256,4,2,16,2,1.0000
Q!=K=V,REVERSE,256,4,2,64,1,1.0000
Q!=K=V,REVERSE,256,4,2,128,0,1.0000
Q!=K=V,REVERSE,256,4,2,128,2,1.0000
Q!=K=V,REVERSE,256,4,4,16,1,1.0000
Q!=K=V,REVERSE,256,4,4,64,0,1.0000
Q!=K=V,REVERSE,256,4,4,64,2,1.0000
Q!=K=V,REVERSE,256,4,4,128,1,0.5490
Q!=K=V,SORT,32,2,2,16,0,0.4446
Q!=K=V,SORT,32,2,2,16,2,0.4587
Q!=K=V,SORT,32,2,2,64,1,0.6431
Q!=K=V,SORT,32,2,2,128,0,0.7334
Q!=K=V,SORT,32,2,2,128,2,0.7326
Q!=K=V,SORT,32,2,4,16,1,0.4549
Q!=K=V,SORT,32,2,4,64,0,0.6383
Q!=K=V,SORT,32,2,4,64,2,0.6393
Q!=K=V,SORT,32,2,4,128,1,0.7315
Q!=K=V,SORT,32,4,2,16,0,0.4923
Q!=K=V,SORT,32,4,2,16,2,0.5854
Q!=K=V,SORT,32,4,2,64,1,0.6496
Q!=K=V,SORT,32,4,2,128,0,0.7359
Q!=K=V,SORT,32,4,2,128,2,0.7360
Q!=K=V,SORT,32,4,4,16,1,0.5742
Q!=K=V,SORT,32,4,4,64,0,0.6422
Q!=K=V,SORT,32,4,4,64,2,0.6476
Q!=K=V,SORT,32,4,4,128,1,0.7385
Q!=K=V,SORT,64,2,2,16,0,0.6209
Q!=K=V,SORT,64,2,2,16,2,0.5415
Q!=K=V,SORT,64,2,2,64,1,0.6580
Q!=K=V,SORT,64,2,2,128,0,0.7409
Q!=K=V,SORT,64,2,2,128,2,0.7396
Q!=K=V,SORT,64,2,4,16,1,0.5582
Q!=K=V,SORT,64,2,4,64,0,0.6708
Q!=K=V,SORT,64,2,4,64,2,0.6555
Q!=K=V,SORT,64,2,4,128,1,0.7424
Q!=K=V,SORT,64,4,2,16,0,0.7517
Q!=K=V,SORT,64,4,2,16,2,0.7672
Q!=K=V,SORT,64,4,2,64,1,0.7117
Q!=K=V,SORT,64,4,2,128,0,0.7913
Q!=K=V,SORT,64,4,2,128,2,0.7793
Q!=K=V,SORT,64,4,4,16,1,0.7560
Q!=K=V,SORT,64,4,4,64,0,0.7502
Q!=K=V,SORT,64,4,4,64,2,0.7196
Q!=K=V,SORT,64,4,4,128,1,0.7575
Q!=K=V,SORT,256,2,2,16,0,0.9549
Q!=K=V,SORT,256,2,2,16,2,0.9728
Q!=K=V,SORT,256,2,2,64,1,0.8554
Q!=K=V,SORT,256,2,2,128,0,0.8814
Q!=K=V,SORT,256,2,2,128,2,0.8748
Q!=K=V,SORT,256,2,4,16,1,0.9682
Q!=K=V,SORT,256,2,4,64,0,0.8613
Q!=K=V,SORT,256,2,4,64,2,0.8430
Q!=K=V,SORT,256,2,4,128,1,0.8728
Q!=K=V,SORT,256,4,2,16,0,0.9921
Q!=K=V,SORT,256,4,2,16,2,0.9777
Q!=K=V,SORT,256,4,2,64,1,0.8662
Q!=K=V,SORT,256,4,2,128,0,0.8946
Q!=K=V,SORT,256,4,2,128,2,0.8936
Q!=K=V,SORT,256,4,4,16,1,0.9944
Q!=K=V,SORT,256,4,4,64,0,0.8600
Q!=K=V,SORT,256,4,4,64,2,0.8687
Q!=K=V,SORT,256,4,4,128,1,0.9007
Q!=K=V,SUB,32,2,2,16,0,1.0000
Q!=K=V,SUB,32,2,2,16,2,1.0000
Q!=K=V,SUB,32,2,2,64,1,0.9738
Q!=K=V,SUB,32,2,2,128,0,0.8940
Q!=K=V,SUB,32,2,2,128,2,0.8819
Q!=K=V,SUB,32,2,4,16,1,1.0000
Q!=K=V,SUB,32,2,4,64,0,0.9731
Q!=K=V,SUB,32,2,4,64,2,0.9631
Q!=K=V,SUB,32,2,4,128,1,0.8995
Q!=K=V,SUB,32,4,2,16,0,1.0000
Q!=K=V,SUB,32,4,2,16,2,1.0000
Q!=K=V,SUB,32,4,2,64,1,1.0000
Q!=K=V,SUB,32,4,2,128,0,0.9929
Q!=K=V,SUB,32,4,2,128,2,0.9838
Q!=K=V,SUB,32,4,4,16,1,1.0000
Q!=K=V,SUB,32,4,4,64,0,1.0000
Q!=K=V,SUB,32,4,4,64,2,0.9932
Q!=K=V,SUB,32,4,4,128,1,0.9930
Q!=K=V,SUB,64,2,2,16,0,1.0000
Q!=K=V,SUB,64,2,2,16,2,1.0000
Q!=K=V,SUB,64,2,2,64,1,1.0000
Q!=K=V,SUB,64,2,2,128,0,1.0000
Q!=K=V,SUB,64,2,2,128,2,1.0000
Q!=K=V,SUB,64,2,4,16,1,1.0000
Q!=K=V,SUB,64,2,4,64,0,1.0000
Q!=K=V,SUB,64,2,4,64,2,1.0000
Q!=K=V,SUB,64,2,4,128,1,1.0000
Q!=K=V,SUB,64,4,2,16,0,1.0000
Q!=K=V,SUB,64,4,2,16,2,1.0000
Q!=K=V,SUB,64,4,2,64,1,1.0000
Q!=K=V,SUB,64,4,2,128,0,1.0000
Q!=K=V,SUB,64,4,2,128,2,1.0000
Q!=K=V,SUB,64,4,4,16,1,1.0000
Q!=K=V,SUB,64,4,4,64,0,1.0000
Q!=K=V,SUB,64,4,4,64,2,1.0000
Q!=K=V,SUB,64,4,4,128,1,1.0000
Q!=K=V,SUB,256,2,2,16,0,1.0000
Q!=K=V,SUB,256,2,2,16,2,1.0000
Q!=K=V,SUB,256,2,2,64,1,1.0000
Q!=K=V,SUB,256,2,2,128,0,1.0000
Q!=K=V,SUB,256,2,2,128,2,1.0000
Q!=K=V,SUB,256,2,4,16,1,1.0000
Q!=K=V,SUB,256,2,4,64,0,1.0000
Q!=K=V,SUB,256,2,4,64,2,1.0000
Q!=K=V,SUB,256,2,4,128,1,1.0000
Q!=K=V,SUB,256,4,2,16,0,1.0000
Q!=K=V,SUB,256,4,2,16,2,1.0000
Q!=K=V,SUB,256,4,2,64,1,1.0000
Q!=K=V,SUB,256,4,2,128,0,1.0000
Q!=K=V,SUB,256,4,2,128,2,1.0000
Q!=K=V,SUB,256,4,4,16,1,1.0000
Q!=K=V,SUB,256,4,4,64,0,1.0000
Q!=K=V,SUB,256,4,4,64,2,1.0000
Q!=K=V,SUB,256,4,4,128,1,1.0000
Q!=K=V,SWAP,32,2,2,16,0,0.2002
Q!=K=V,SWAP,32,2,2,16,2,0.2006
Q!=K=V,SWAP,32,2,2,64,1,0.1006
Q!=K=V,SWAP,32,2,2,128,0,0.0998
Q!=K=V,SWAP,32,2,2,128,2,0.1009
Q!=K=V,SWAP,32,2,4,16,1,0.1649
Q!=K=V,SWAP,32,2,4,64,0,0.1014
Q!=K=V,SWAP,32,2,4,64,2,0.1012
Q!=K=V,SWAP,32,2,4,128,1,0.0999
Q!=K=V,SWAP,32,4,2,16,0,0.3662
Q!=K=V,SWAP,32,4,2,16,2,0.3046
Q!=K=V,SWAP,32,4,2,64,1,0.1002
Q!=K=V,SWAP,32,4,2,128,0,0.1000
Q!=K=V,SWAP,32,4,2,128,2,0.1002
Q!=K=V,SWAP,32,4,4,16,1,0.1644
Q!=K=V,SWAP,32,4,4,64,0,0.1003
Q!=K=V,SWAP,32,4,4,64,2,0.1015
Q!=K=V,SWAP,32,4,4,128,1,0.1000
Q!=K=V,SWAP,64,2,2,16,0,1.0000
Q!=K=V,SWAP,64,2,2,16,2,1.0000
Q!=K=V,SWAP,64,2,2,64,1,0.1065
Q!=K=V,SWAP,64,2,2,128,0,0.1013
Q!=K=V,SWAP,64,2,2,128,2,0.1018
Q!=K=V,SWAP,64,2,4,16,1,1.0000
Q!=K=V,SWAP,64,2,4,64,0,0.1098
Q!=K=V,SWAP,64,2,4,64,2,0.1150
Q!=K=V,SWAP,64,2,4,128,1,0.1017
Q!=K=V,SWAP,64,4,2,16,0,1.0000
Q!=K=V,SWAP,64,4,2,16,2,1.0000
Q!=K=V,SWAP,64,4,2,64,1,0.1064
Q!=K=V,SWAP,64,4,2,128,0,0.1015
Q!=K=V,SWAP,64,4,2,128,2,0.1020
Q!=K=V,SWAP,64,4,4,16,1,1.0000
Q!=K=V,SWAP,64,4,4,64,0,0.1081
Q!=K=V,SWAP,64,4,4,64,2,0.1099
Q!=K=V,SWAP,64,4,4,128,1,0.1011
Q!=K=V,SWAP,256,2,2,16,0,1.0000
Q!=K=V,SWAP,256,2,2,16,2,1.0000
Q!=K=V,SWAP,256,2,2,64,1,1.0000
Q!=K=V,SWAP,256,2,2,128,0,1.0000
Q!=K=V,SWAP,256,2,2,128,2,1.0000
Q!=K=V,SWAP,256,2,4,16,1,1.0000
Q!=K=V,SWAP,256,2,4,64,0,1.0000
Q!=K=V,SWAP,256,2,4,64,2,1.0000
Q!=K=V,SWAP,256,2,4,128,1,1.0000
Q!=K=V,SWAP,256,4,2,16,0,1.0000
Q!=K=V,SWAP,256,4,2,16,2,1.0000
Q!=K=V,SWAP,256,4,2,64,1,1.0000
Q!=K=V,SWAP,256,4,2,128,0,1.0000
Q!=K=V,SWAP,256,4,2,128,2,1.0000
Q!=K=V,SWAP,256,4,4,16,1,1.0000
Q!=K=V,SWAP,256,4,4,64,0,1.0000
Q!=K=V,SWAP,256,4,4,64,2,1.0000
Q!=K=V,SWAP,256,4,4,128,1,0.8223
Q!=K=V,COPY,32,2,2,16,0,1.0000
Q!=K=V,COPY,32,2,2,16,2,1.0000
Q!=K=V,COPY,32,2,2,64,1,0.9901
Q!=K=V,COPY,32,2,2,128,0,0.9099
Q!=K=V,COPY,32,2,2,128,2,0.9130
Q!=K=V,COPY,32,2,4,16,1,1.0000
Q!=K=V,COPY,32,2,4,64,0,0.9794
Q!=K=V,COPY,32,2,4,64,2,0.9830
Q!=K=V,COPY,32,2,4,128,1,0.9315
Q!=K=V,COPY,32,4,2,16,0,1.0000
Q!=K=V,COPY,32,4,2,16,2,1.0000
Q!=K=V,COPY,32,4,2,64,1,1.0000
Q!=K=V,COPY,32,4,2,128,0,0.9843
Q!=K=V,COPY,32,4,2,128,2,0.9847
Q!=K=V,COPY,32,4,4,16,1,1.0000
Q!=K=V,COPY,32,4,4,64,0,0.9973
Q!=K=V,COPY,32,4,4,64,2,0.9950
Q!=K=V,COPY,32,4,4,128,1,0.9921
Q!=K=V,COPY,64,2,2,16,0,1.0000
Q!=K=V,COPY,64,2,2,16,2,1.0000
Q!=K=V,COPY,64,2,2,64,1,1.0000
Q!=K=V,COPY,64,2,2,128,0,1.0000
Q!=K=V,COPY,64,2,2,128,2,1.0000
Q!=K=V,COPY,64,2,4,16,1,1.0000
Q!=K=V,COPY,64,2,4,64,0,1.0000
Q!=K=V,COPY,64,2,4,64,2,1.0000
Q!=K=V,COPY,64,2,4,128,1,1.0000
Q!=K=V,COPY,64,4,2,16,0,1.0000
Q!=K=V,COPY,64,4,2,16,2,1.0000
Q!=K=V,COPY,64,4,2,64,1,1.0000
Q!=K=V,COPY,64,4,2,128,0,1.0000
Q!=K=V,COPY,64,4,2,128,2,1.0000
Q!=K=V,COPY,64,4,4,16,1,1.0000
Q!=K=V,COPY,64,4,4,64,0,1.0000
Q!=K=V,COPY,64,4,4,64,2,1.0000
Q!=K=V,COPY,64,4,4,128,1,1.0000
Q!=K=V,COPY,256,2,2,16,0,1.0000
Q!=K=V,COPY,256,2,2,16,2,1.0000
Q!=K=V,COPY,256,2,2,64,1,1.0000
Q!=K=V,COPY,256,2,2,128,0,1.0000
Q!=K=V,COPY,256,2,2,128,2,1.0000
Q!=K=V,COPY,256,2,4,16,1,1.0000
Q!=K=V,COPY,256,2,4,64,0,1.0000
Q!=K=V,COPY,256,2,4,64,2,1.0000
Q!=K=V,COPY,256,2,4,128,1,1.0000
Q!=K=V,COPY,256,4,2,16,0,1.0000
Q!=K=V,COPY,256,4,2,16,2,1.0000
Q!=K=V,COPY,256,4,2,64,1,1.0000
Q!=K=V,COPY,256,4,2,128,0,1.0000
Q!=K=V,COPY,256,4,2,128,2,1.0000
Q!=K=V,COPY,256,4,4,16,1,1.0000
Q!=K=V,COPY,256,4,4,64,0,1.0000
Q!=K=V,COPY,256,4,4,64,2,1.0000
Q!=K=V,COPY,256,4,4,128,1,1.0000
Q=K=V,REVERSE,32,2,2,16,0,0.1704
Q=K=V,REVERSE,32,2,2,16,2,0.1439
Q=K=V,REVERSE,32,2,2,64,1,0.1007
Q=K=V,REVERSE,32,2,2,128,0,0.0992
Q=K=V,REVERSE,32,2,2,128,2,0.0998
Q=K=V,REVERSE,32,2,4,16,1,0.1292
Q=K=V,REVERSE,32,2,4,64,0,0.1001
Q=K=V,REVERSE,32,2,4,64,2,0.1028
Q=K=V,REVERSE,32,2,4,128,1,0.0997
Q=K=V,REVERSE,32,4,2,16,0,0.1391
Q=K=V,REVERSE,32,4,2,16,2,0.2525
Q=K=V,REVERSE,32,4,2,64,1,0.1006
Q=K=V,REVERSE,32,4,2,128,0,0.0998
Q=K=V,REVERSE,32,4,2,128,2,0.1006
Q=K=V,REVERSE,32,4,4,16,1,0.1722
Q=K=V,REVERSE,32,4,4,64,0,0.0994
Q=K=V,REVERSE,32,4,4,64,2,0.1024
Q=K=V,REVERSE,32,4,4,128,1,0.0995
Q=K=V,REVERSE,64,2,2,16,0,0.6793
Q=K=V,REVERSE,64,2,2,16,2,0.6118
Q=K=V,REVERSE,64,2,2,64,1,0.1051
Q=K=V,REVERSE,64,2,2,128,0,0.1011
Q=K=V,REVERSE,64,2,2,128,2,0.1010
Q=K=V,REVERSE,64,2,4,16,1,0.4818
Q=K=V,REVERSE,64,2,4,64,0,0.1100
Q=K=V,REVERSE,64,2,4,64,2,0.1056
Q=K=V,REVERSE,64,2,4,128,1,0.1008
Q=K=V,REVERSE,64,4,2,16,0,0.6082
Q=K=V,REVERSE,64,4,2,16,2,0.5907
Q=K=V,REVERSE,64,4,2,64,1,0.1050
Q=K=V,REVERSE,64,4,2,128,0,0.1015
Q=K=V,REVERSE,64,4,2,128,2,0.0994
Q=K=V,REVERSE,64,4,4,16,1,0.8765
Q=K=V,REVERSE,64,4,4,64,0,0.1059
Q=K=V,REVERSE,64,4,4,64,2,0.1047
Q=K=V,REVERSE,64,4,4,128,1,0.1003
Q=K=V,REVERSE,256,2,2,16,0,1.0000
Q=K=V,REVERSE,256,2,2,16,2,1.0000
Q=K=V,REVERSE,256,2,2,64,1,0.3406
Q=K=V,REVERSE,256,2,2,128,0,0.1169
Q=K=V,REVERSE,256,2,2,128,2,0.1110
Q=K=V,REVERSE,256,2,4,16,1,1.0000
Q=K=V,REVERSE,256,2,4,64,0,1.0000
Q=K=V,REVERSE,256,2,4,64,2,1.0000
Q=K=V,REVERSE,256,2,4,128,1,0.1167
Q=K=V,REVERSE,256,4,2,16,0,0.4944
Q=K=V,REVERSE,256,4,2,16,2,0.4316
Q=K=V,REVERSE,256,4,2,64,1,0.1184
Q=K=V,REVERSE,256,4,2,128,0,0.1041
Q=K=V,REVERSE,256,4,2,128,2,0.1030
Q=K=V,REVERSE,256,4,4,16,1,1.0000
Q=K=V,REVERSE,256,4,4,64,0,0.1619
Q=K=V,REVERSE,256,4,4,64,2,0.1596
Q=K=V,REVERSE,256,4,4,128,1,0.1060
Q=K=V,SORT,32,2,2,16,0,0.4410
Q=K=V,SORT,32,2,2,16,2,0.4502
Q=K=V,SORT,32,2,2,64,1,0.6422
Q=K=V,SORT,32,2,2,128,0,0.7315
Q=K=V,SORT,32,2,2,128,2,0.7298
Q=K=V,SORT,32,2,4,16,1,0.4439
Q=K=V,SORT,32,2,4,64,0,0.6387
Q=K=V,SORT,32,2,4,64,2,0.6409
Q=K=V,SORT,32,2,4,128,1,0.7330
Q=K=V,SORT,32,4,2,16,0,0.4687
Q=K=V,SORT,32,4,2,16,2,0.4925
Q=K=V,SORT,32,4,2,64,1,0.6538
Q=K=V,SORT,32,4,2,128,0,0.7345
Q=K=V,SORT,32,4,2,128,2,0.7349
Q=K=V,SORT,32,4,4,16,1,0.5006
Q=K=V,SORT,32,4,4,64,0,0.6388
Q=K=V,SORT,32,4,4,64,2,0.6443
Q=K=V,SORT,32,4,4,128,1,0.7376
Q=K=V,SORT,64,2,2,16,0,0.4888
Q=K=V,SORT,64,2,2,16,2,0.4558
Q=K=V,SORT,64,2,2,64,1,0.6508
Q=K=V,SORT,64,2,2,128,0,0.7391
Q=K=V,SORT,64,2,2,128,2,0.7375
Q=K=V,SORT,64,2,4,16,1,0.5041
Q=K=V,SORT,64,2,4,64,0,0.6559
Q=K=V,SORT,64,2,4,64,2,0.6508
Q=K=V,SORT,64,2,4,128,1,0.7414
Q=K=V,SORT,64,4,2,16,0,0.6415
Q=K=V,SORT,64,4,2,16,2,0.5488
Q=K=V,SORT,64,4,2,64,1,0.6917
Q=K=V,SORT,64,4,2,128,0,0.7495
Q=K=V,SORT,64,4,2,128,2,0.7554
Q=K=V,SORT,64,4,4,16,1,0.6509
Q=K=V,SORT,64,4,4,64,0,0.7321
Q=K=V,SORT,64,4,4,64,2,0.6997
Q=K=V,SORT,64,4,4,128,1,0.7481
Q=K=V,SORT,256,2,2,16,0,0.5427
Q=K=V,SORT,256,2,2,16,2,0.6109
Q=K=V,SORT,256,2,2,64,1,0.7294
Q=K=V,SORT,256,2,2,128,0,0.7450
Q=K=V,SORT,256,2,2,128,2,0.7428
Q=K=V,SORT,256,2,4,16,1,0.6932
Q=K=V,SORT,256,2,4,64,0,0.7630
Q=K=V,SORT,256,2,4,64,2,0.7556
Q=K=V,SORT,256,2,4,128,1,0.8242
Q=K=V,SORT,256,4,2,16,0,0.6164
Q=K=V,SORT,256,4,2,16,2,0.6039
Q=K=V,SORT,256,4,2,64,1,0.7654
Q=K=V,SORT,256,4,2,128,0,0.8309
Q=K=V,SORT,256,4,2,128,2,0.7943
Q=K=V,SORT,256,4,4,16,1,0.7270
Q=K=V,SORT,256,4,4,64,0,0.8172
Q=K=V,SORT,256,4,4,64,2,0.8151
Q=K=V,SORT,256,4,4,128,1,0.8598
Q=K=V,SUB,32,2,2,16,0,1.0000
Q=K=V,SUB,32,2,2,16,2,1.0000
Q=K=V,SUB,32,2,2,64,1,0.9731
Q=K=V,SUB,32,2,2,128,0,0.8994
Q=K=V,SUB,32,2,2,128,2,0.9017
Q=K=V,SUB,32,2,4,16,1,1.0000
Q=K=V,SUB,32,2,4,64,0,0.9749
Q=K=V,SUB,32,2,4,64,2,0.9815
Q=K=V,SUB,32,2,4,128,1,0.8925
Q=K=V,SUB,32,4,2,16,0,1.0000
Q=K=V,SUB,32,4,2,16,2,1.0000
Q=K=V,SUB,32,4,2,64,1,0.9968
Q=K=V,SUB,32,4,2,128,0,0.9568
Q=K=V,SUB,32,4,2,128,2,0.9802
Q=K=V,SUB,32,4,4,16,1,1.0000
Q=K=V,SUB,32,4,4,64,0,0.9892
Q=K=V,SUB,32,4,4,64,2,0.9903
Q=K=V,SUB,32,4,4,128,1,0.9812
Q=K=V,SUB,64,2,2,16,0,1.0000
Q=K=V,SUB,64,2,2,16,2,1.0000
Q=K=V,SUB,64,2,2,64,1,1.0000
Q=K=V,SUB,64,2,2,128,0,1.0000
Q=K=V,SUB,64,2,2,128,2,1.0000
Q=K=V,SUB,64,2,4,16,1,1.0000
Q=K=V,SUB,64,2,4,64,0,1.0000
Q=K=V,SUB,64,2,4,64,2,1.0000
Q=K=V,SUB,64,2,4,128,1,1.0000
Q=K=V,SUB,64,4,2,16,0,1.0000
Q=K=V,SUB,64,4,2,16,2,1.0000
Q=K=V,SUB,64,4,2,64,1,1.0000
Q=K=V,SUB,64,4,2,128,0,1.0000
Q=K=V,SUB,64,4,2,128,2,1.0000
Q=K=V,SUB,64,4,4,16,1,1.0000
Q=K=V,SUB,64,4,4,64,0,1.0000
Q=K=V,SUB,64,4,4,64,2,1.0000
Q=K=V,SUB,64,4,4,128,1,1.0000
Q=K=V,SUB,256,2,2,16,0,1.0000
Q=K=V,SUB,256,2,2,16,2,1.0000
Q=K=V,SUB,256,2,2,64,1,1.0000
Q=K=V,SUB,256,2,2,128,0,1.0000
Q=K=V,SUB,256,2,2,128,2,1.0000
Q=K=V,SUB,256,2,4,16,1,1.0000
Q=K=V,SUB,256,2,4,64,0,1.0000
Q=K=V,SUB,256,2,4,64,2,1.0000
Q=K=V,SUB,256,2,4,128,1,1.0000
Q=K=V,SUB,256,4,2,16,0,1.0000
Q=K=V,SUB,256,4,2,16,2,1.0000
Q=K=V,SUB,256,4,2,64,1,1.0000
Q=K=V,SUB,256,4,2,128,0,1.0000
Q=K=V,SUB,256,4,2,128,2,1.0000
Q=K=V,SUB,256,4,4,16,1,1.0000
Q=K=V,SUB,256,4,4,64,0,1.0000
Q=K=V,SUB,256,4,4,64,2,1.0000
Q=K=V,SUB,256,4,4,128,1,1.0000
Q=K=V,SWAP,32,2,2,16,0,0.1330
Q=K=V,SWAP,32,2,2,16,2,0.1200
Q=K=V,SWAP,32,2,2,64,1,0.1013
Q=K=V,SWAP,32,2,2,128,0,0.0995
Q=K=V,SWAP,32,2,2,128,2,0.1000
Q=K=V,SWAP,32,2,4,16,1,0.1280
Q=K=V,SWAP,32,2,4,64,0,0.1014
Q=K=V,SWAP,32,2,4,64,2,0.1009
Q=K=V,SWAP,32,2,4,128,1,0.1004
Q=K=V,SWAP,32,4,2,16,0,0.1409
Q=K=V,SWAP,32,4,2,16,2,0.1574
Q=K=V,SWAP,32,4,2,64,1,0.1010
Q=K=V,SWAP,32,4,2,128,0,0.0997
Q=K=V,SWAP,32,4,2,128,2,0.1005
Q=K=V,SWAP,32,4,4,16,1,0.1656
Q=K=V,SWAP,32,4,4,64,0,0.1013
Q=K=V,SWAP,32,4,4,64,2,0.1024
Q=K=V,SWAP,32,4,4,128,1,0.1011
Q=K=V,SWAP,64,2,2,16,0,0.9523
Q=K=V,SWAP,64,2,2,16,2,0.5887
Q=K=V,SWAP,64,2,2,64,1,0.1040
Q=K=V,SWAP,64,2,2,128,0,0.1009
Q=K=V,SWAP,64,2,2,128,2,0.1000
Q=K=V,SWAP,64,2,4,16,1,0.5703
Q=K=V,SWAP,64,2,4,64,0,0.1117
Q=K=V,SWAP,64,2,4,64,2,0.1090
Q=K=V,SWAP,64,2,4,128,1,0.1011
Q=K=V,SWAP,64,4,2,16,0,0.9036
Q=K=V,SWAP,64,4,2,16,2,0.9824
Q=K=V,SWAP,64,4,2,64,1,0.1049
Q=K=V,SWAP,64,4,2,128,0,0.1010
Q=K=V,SWAP,64,4,2,128,2,0.1009
Q=K=V,SWAP,64,4,4,16,1,0.9028
Q=K=V,SWAP,64,4,4,64,0,0.1058
Q=K=V,SWAP,64,4,4,64,2,0.1066
Q=K=V,SWAP,64,4,4,128,1,0.1009
Q=K=V,SWAP,256,2,2,16,0,1.0000
Q=K=V,SWAP,256,2,2,16,2,1.0000
Q=K=V,SWAP,256,2,2,64,1,0.2391
Q=K=V,SWAP,256,2,2,128,0,0.1121
Q=K=V,SWAP,256,2,2,128,2,0.1185
Q=K=V,SWAP,256,2,4,16,1,1.0000
Q=K=V,SWAP,256,2,4,64,0,1.0000
Q=K=V,SWAP,256,2,4,64,2,1.0000
Q=K=V,SWAP,256,2,4,128,1,0.1231
Q=K=V,SWAP,256,4,2,16,0,0.3002
Q=K=V,SWAP,256,4,2,16,2,0.3150
Q=K=V,SWAP,256,4,2,64,1,0.1117
Q=K=V,SWAP,256,4,2,128,0,0.1036
Q=K=V,SWAP,256,4,2,128,2,0.1023
Q=K=V,SWAP,256,4,4,16,1,1.0000
Q=K=V,SWAP,256,4,4,64,0,0.1422
Q=K=V,SWAP,256,4,4,64,2,0.1483
Q=K=V,SWAP,256,4,4,128,1,0.1059
Q=K=V,COPY,32,2,2,16,0,1.0000
Q=K=V,COPY,32,2,2,16,2,1.0000
Q=K=V,COPY,32,2,2,64,1,0.9888
Q=K=V,COPY,32,2,2,128,0,0.8964
Q=K=V,COPY,32,2,2,128,2,0.9109
Q=K=V,COPY,32,2,4,16,1,1.0000
Q=K=V,COPY,32,2,4,64,0,0.9774
Q=K=V,COPY,32,2,4,64,2,0.9702
Q=K=V,COPY,32,2,4,128,1,0.8955
Q=K=V,COPY,32,4,2,16,0,1.0000
Q=K=V,COPY,32,4,2,16,2,1.0000
Q=K=V,COPY,32,4,2,64,1,1.0000
Q=K=V,COPY,32,4,2,128,0,0.9743
Q=K=V,COPY,32,4,2,128,2,0.9801
Q=K=V,COPY,32,4,4,16,1,1.0000
Q=K=V,COPY,32,4,4,64,0,0.9860
Q=K=V,COPY,32,4,4,64,2,0.9978
Q=K=V,COPY,32,4,4,128,1,0.9912
Q=K=V,COPY,64,2,2,16,0,1.0000
Q=K=V,COPY,64,2,2,16,2,1.0000
Q=K=V,COPY,64,2,2,64,1,1.0000
Q=K=V,COPY,64,2,2,128,0,1.0000
Q=K=V,COPY,64,2,2,128,2,1.0000
Q=K=V,COPY,64,2,4,16,1,1.0000
Q=K=V,COPY,64,2,4,64,0,1.0000
Q=K=V,COPY,64,2,4,64,2,1.0000
Q=K=V,COPY,64,2,4,128,1,1.0000
Q=K=V,COPY,64,4,2,16,0,1.0000
Q=K=V,COPY,64,4,2,16,2,1.0000
Q=K=V,COPY,64,4,2,64,1,1.0000
Q=K=V,COPY,64,4,2,128,0,1.0000
Q=K=V,COPY,64,4,2,128,2,1.0000
Q=K=V,COPY,64,4,4,16,1,1.0000
Q=K=V,COPY,64,4,4,64,0,1.0000
Q=K=V,COPY,64,4,4,64,2,1.0000
Q=K=V,COPY,64,4,4,128,1,1.0000
Q=K=V,COPY,256,2,2,16,0,1.0000
Q=K=V,COPY,256,2,2,16,2,1.0000
Q=K=V,COPY,256,2,2,64,1,1.0000
Q=K=V,COPY,256,2,2,128,0,1.0000
Q=K=V,COPY,256,2,2,128,2,1.0000
Q=K=V,COPY,256,2,4,16,1,1.0000
Q=K=V,COPY,256,2,4,64,0,1.0000
Q=K=V,COPY,256,2,4,64,2,1.0000
Q=K=V,COPY,256,2,4,128,1,1.0000
Q=K=V,COPY,256,4,2,16,0,1.0000
Q=K=V,COPY,256,4,2,16,2,1.0000
Q=K=V,COPY,256,4,2,64,1,1.0000
Q=K=V,COPY,256,4,2,128,0,1.0000
Q=K=V,COPY,256,4,2,128,2,1.0000
Q=K=V,COPY,256,4,4,16,1,1.0000
Q=K=V,COPY,256,4,4,64,0,1.0000
Q=K=V,COPY,256,4,4,64,2,1.0000
Q=K=V,COPY,256,4,4,128,1,1.0000
(Q=K=V)+,REVERSE,32,2,2,16,0,0.1820
(Q=K=V)+,REVERSE,32,2,2,16,2,0.1515
(Q=K=V)+,REVERSE,32,2,2,64,1,0.1012
(Q=K=V)+,REVERSE,32,2,2,128,0,0.0994
(Q=K=V)+,REVERSE,32,2,2,128,2,0.0994
(Q=K=V)+,REVERSE,32,2,4,16,1,0.1469
(Q=K=V)+,REVERSE,32,2,4,64,0,0.1025
(Q=K=V)+,REVERSE,32,2,4,64,2,0.1029
(Q=K=V)+,REVERSE,32,2,4,128,1,0.0995
(Q=K=V)+,REVERSE,32,4,2,16,0,0.1708
(Q=K=V)+,REVERSE,32,4,2,16,2,0.1526
(Q=K=V)+,REVERSE,32,4,2,64,1,0.1004
(Q=K=V)+,REVERSE,32,4,2,128,0,0.1016
(Q=K=V)+,REVERSE,32,4,2,128,2,0.0995
(Q=K=V)+,REVERSE,32,4,4,16,1,0.1755
(Q=K=V)+,REVERSE,32,4,4,64,0,0.1011
(Q=K=V)+,REVERSE,32,4,4,64,2,0.1022
(Q=K=V)+,REVERSE,32,4,4,128,1,0.1013
(Q=K=V)+,REVERSE,64,2,2,16,0,0.9997
(Q=K=V)+,REVERSE,64,2,2,16,2,0.9997
(Q=K=V)+,REVERSE,64,2,2,64,1,0.1075
(Q=K=V)+,REVERSE,64,2,2,128,0,0.1018
(Q=K=V)+,REVERSE,64,2,2,128,2,0.1010
(Q=K=V)+,REVERSE,64,2,4,16,1,0.4701
(Q=K=V)+,REVERSE,64,2,4,64,0,0.1124
(Q=K=V)+,REVERSE,64,2,4,64,2,0.1138
(Q=K=V)+,REVERSE,64,2,4,128,1,0.1014
(Q=K=V)+,REVERSE,64,4,2,16,0,0.9745
(Q=K=V)+,REVERSE,64,4,2,16,2,0.9805
(Q=K=V)+,REVERSE,64,4,2,64,1,0.1060
(Q=K=V)+,REVERSE,64,4,2,128,0,0.1007
(Q=K=V)+,REVERSE,64,4,2,128,2,0.1008
(Q=K=V)+,REVERSE,64,4,4,16,1,0.2430
(Q=K=V)+,REVERSE,64,4,4,64,0,0.1150
(Q=K=V)+,REVERSE,64,4,4,64,2,0.1071
(Q=K=V)+,REVERSE,64,4,4,128,1,0.1010
(Q=K=V)+,REVERSE,256,2,2,16,0,1.0000
(Q=K=V)+,REVERSE,256,2,2,16,2,1.0000
(Q=K=V)+,REVERSE,256,2,2,64,1,1.0000
(Q=K=V)+,REVERSE,256,2,2,128,0,0.1579
(Q=K=V)+,REVERSE,256,2,2,128,2,0.2848
(Q=K=V)+,REVERSE,256,2,4,16,1,1.0000
(Q=K=V)+,REVERSE,256,2,4,64,0,0.2541
(Q=K=V)+,REVERSE,256,2,4,64,2,1.0000
(Q=K=V)+,REVERSE,256,2,4,128,1,0.6429
(Q=K=V)+,REVERSE,256,4,2,16,0,1.0000
(Q=K=V)+,REVERSE,256,4,2,16,2,1.0000
(Q=K=V)+,REVERSE,256,4,2,64,1,0.8740
(Q=K=V)+,REVERSE,256,4,2,128,0,0.1169
(Q=K=V)+,REVERSE,256,4,2,128,2,0.1235
(Q=K=V)+,REVERSE,256,4,4,16,1,1.0000
(Q=K=V)+,REVERSE,256,4,4,64,0,0.2792
(Q=K=V)+,REVERSE,256,4,4,64,2,0.5263
(Q=K=V)+,REVERSE,256,4,4,128,1,0.1102
(Q=K=V)+,SORT,32,2,2,16,0,0.4526
(Q=K=V)+,SORT,32,2,2,16,2,0.5098
(Q=K=V)+,SORT,32,2,2,64,1,0.6431
(Q=K=V)+,SORT,32,2,2,128,0,0.7329
(Q=K=V)+,SORT,32,2,2,128,2,0.7326
(Q=K=V)+,SORT,32,2,4,16,1,0.4674
(Q=K=V)+,SORT,32,2,4,64,0,0.6385
(Q=K=V)+,SORT,32,2,4,64,2,0.6399
(Q=K=V)+,SORT,32,2,4,128,1,0.7340
(Q=K=V)+,SORT,32,4,2,16,0,0.5329
(Q=K=V)+,SORT,32,4,2,16,2,0.6276
(Q=K=V)+,SORT,32,4,2,64,1,0.6608
(Q=K=V)+,SORT,32,4,2,128,0,0.7353
(Q=K=V)+,SORT,32,4,2,128,2,0.7378
(Q=K=V)+,SORT,32,4,4,16,1,0.6216
(Q=K=V)+,SORT,32,4,4,64,0,0.6440
(Q=K=V)+,SORT,32,4,4,64,2,0.6572
(Q=K=V)+,SORT,32,4,4,128,1,0.7373
(Q=K=V)+,SORT,64,2,2,16,0,0.7116
(Q=K=V)+,SORT,64,2,2,16,2,0.7069
(Q=K=V)+,SORT,64,2,2,64,1,0.6612
(Q=K=V)+,SORT,64,2,2,128,0,0.7513
(Q=K=V)+,SORT,64,2,2,128,2,0.7437
(Q=K=V)+,SORT,64,2,4,16,1,0.6476
(Q=K=V)+,SORT,64,2,4,64,0,0.7418
(Q=K=V)+,SORT,64,2,4,64,2,0.6871
(Q=K=V)+,SORT,64,2,4,128,1,0.7448
(Q=K=V)+,SORT,64,4,2,16,0,0.7706
(Q=K=V)+,SORT,64,4,2,16,2,0.8123
(Q=K=V)+,SORT,64,4,2,64,1,0.7338
(Q=K=V)+,SORT,64,4,2,128,0,0.7980
(Q=K=V)+,SORT,64,4,2,128,2,0.7856
(Q=K=V)+,SORT,64,4,4,16,1,0.7678
(Q=K=V)+,SORT,64,4,4,64,0,0.7910
(Q=K=V)+,SORT,64,4,4,64,2,0.7585
(Q=K=V)+,SORT,64,4,4,128,1,0.7863
(Q=K=V)+,SORT,256,2,2,16,0,0.9921
(Q=K=V)+,SORT,256,2,2,16,2,0.9940
(Q=K=V)+,SORT,256,2,2,64,1,0.8646
(Q=K=V)+,SORT,256,2,2,128,0,0.9064
(Q=K=V)+,SORT,256,2,2,128,2,0.8929
(Q=K=V)+,SORT,256,2,4,16,1,0.9929
(Q=K=V)+,SORT,256,2,4,64,0,0.8788
(Q=K=V)+,SORT,256,2,4,64,2,0.8767
(Q=K=V)+,SORT,256,2,4,128,1,0.9006
(Q=K=V)+,SORT,256,4,2,16,0,0.9945
(Q=K=V)+,SORT,256,4,2,16,2,0.9961
(Q=K=V)+,SORT,256,4,2,64,1,0.8917
(Q=K=V)+,SORT,256,4,2,128,0,0.9115
(Q=K=V)+,SORT,256,4,2,128,2,0.8929
(Q=K=V)+,SORT,256,4,4,16,1,0.9939
(Q=K=V)+,SORT,256,4,4,64,0,0.8818
(Q=K=V)+,SORT,256,4,4,64,2,0.8945
(Q=K=V)+,SORT,256,4,4,128,1,0.9110
(Q=K=V)+,SUB,32,2,2,16,0,1.0000
(Q=K=V)+,SUB,32,2,2,16,2,1.0000
(Q=K=V)+,SUB,32,2,2,64,1,0.9710
(Q=K=V)+,SUB,32,2,2,128,0,0.8682
(Q=K=V)+,SUB,32,2,2,128,2,0.8783
(Q=K=V)+,SUB,32,2,4,16,1,1.0000
(Q=K=V)+,SUB,32,2,4,64,0,0.9626
(Q=K=V)+,SUB,32,2,4,64,2,0.9737
(Q=K=V)+,SUB,32,2,4,128,1,0.8923
(Q=K=V)+,SUB,32,4,2,16,0,1.0000
(Q=K=V)+,SUB,32,4,2,16,2,1.0000
(Q=K=V)+,SUB,32,4,2,64,1,0.9968
(Q=K=V)+,SUB,32,4,2,128,0,0.9885
(Q=K=V)+,SUB,32,4,2,128,2,0.9728
(Q=K=V)+,SUB,32,4,4,16,1,1.0000
(Q=K=V)+,SUB,32,4,4,64,0,0.9966
(Q=K=V)+,SUB,32,4,4,64,2,0.9955
(Q=K=V)+,SUB,32,4,4,128,1,0.9830
(Q=K=V)+,SUB,64,2,2,16,0,1.0000
(Q=K=V)+,SUB,64,2,2,16,2,1.0000
(Q=K=V)+,SUB,64,2,2,64,1,1.0000
(Q=K=V)+,SUB,64,2,2,128,0,1.0000
(Q=K=V)+,SUB,64,2,2,128,2,1.0000
(Q=K=V)+,SUB,64,2,4,16,1,1.0000
(Q=K=V)+,SUB,64,2,4,64,0,1.0000
(Q=K=V)+,SUB,64,2,4,64,2,1.0000
(Q=K=V)+,SUB,64,2,4,128,1,1.0000
(Q=K=V)+,SUB,64,4,2,16,0,1.0000
(Q=K=V)+,SUB,64,4,2,16,2,1.0000
(Q=K=V)+,SUB,64,4,2,64,1,1.0000
(Q=K=V)+,SUB,64,4,2,128,0,1.0000
(Q=K=V)+,SUB,64,4,2,128,2,1.0000
(Q=K=V)+,SUB,64,4,4,16,1,1.0000
(Q=K=V)+,SUB,64,4,4,64,0,1.0000
(Q=K=V)+,SUB,64,4,4,64,2,1.0000
(Q=K=V)+,SUB,64,4,4,128,1,1.0000
(Q=K=V)+,SUB,256,2,2,16,0,1.0000
(Q=K=V)+,SUB,256,2,2,16,2,1.0000
(Q=K=V)+,SUB,256,2,2,64,1,1.0000
(Q=K=V)+,SUB,256,2,2,128,0,1.0000
(Q=K=V)+,SUB,256,2,2,128,2,1.0000
(Q=K=V)+,SUB,256,2,4,16,1,1.0000
(Q=K=V)+,SUB,256,2,4,64,0,1.0000
(Q=K=V)+,SUB,256,2,4,64,2,1.0000
(Q=K=V)+,SUB,256,2,4,128,1,1.0000
(Q=K=V)+,SUB,256,4,2,16,0,1.0000
(Q=K=V)+,SUB,256,4,2,16,2,1.0000
(Q=K=V)+,SUB,256,4,2,64,1,1.0000
(Q=K=V)+,SUB,256,4,2,128,0,1.0000
(Q=K=V)+,SUB,256,4,2,128,2,1.0000
(Q=K=V)+,SUB,256,4,4,16,1,1.0000
(Q=K=V)+,SUB,256,4,4,64,0,1.0000
(Q=K=V)+,SUB,256,4,4,64,2,1.0000
(Q=K=V)+,SUB,256,4,4,128,1,1.0000
(Q=K=V)+,SWAP,32,2,2,16,0,0.2022
(Q=K=V)+,SWAP,32,2,2,16,2,0.1648
(Q=K=V)+,SWAP,32,2,2,64,1,0.1011
(Q=K=V)+,SWAP,32,2,2,128,0,0.0997
(Q=K=V)+,SWAP,32,2,2,128,2,0.1001
(Q=K=V)+,SWAP,32,2,4,16,1,0.1437
(Q=K=V)+,SWAP,32,2,4,64,0,0.1011
(Q=K=V)+,SWAP,32,2,4,64,2,0.1020
(Q=K=V)+,SWAP,32,2,4,128,1,0.0994
(Q=K=V)+,SWAP,32,4,2,16,0,0.1759
(Q=K=V)+,SWAP,32,4,2,16,2,0.1541
(Q=K=V)+,SWAP,32,4,2,64,1,0.1012
(Q=K=V)+,SWAP,32,4,2,128,0,0.1003
(Q=K=V)+,SWAP,32,4,2,128,2,0.1005
(Q=K=V)+,SWAP,32,4,4,16,1,0.1758
(Q=K=V)+,SWAP,32,4,4,64,0,0.1024
(Q=K=V)+,SWAP,32,4,4,64,2,0.1018
(Q=K=V)+,SWAP,32,4,4,128,1,0.1008
(Q=K=V)+,SWAP,64,2,2,16,0,0.9998
(Q=K=V)+,SWAP,64,2,2,16,2,0.9998
(Q=K=V)+,SWAP,64,2,2,64,1,0.1080
(Q=K=V)+,SWAP,64,2,2,128,0,0.1022
(Q=K=V)+,SWAP,64,2,2,128,2,0.1009
(Q=K=V)+,SWAP,64,2,4,16,1,0.4982
(Q=K=V)+,SWAP,64,2,4,64,0,0.1116
(Q=K=V)+,SWAP,64,2,4,64,2,0.1124
(Q=K=V)+,SWAP,64,2,4,128,1,0.1023
(Q=K=V)+,SWAP,64,4,2,16,0,0.6433
(Q=K=V)+,SWAP,64,4,2,16,2,0.9003
(Q=K=V)+,SWAP,64,4,2,64,1,0.1088
(Q=K=V)+,SWAP,64,4,2,128,0,0.1010
(Q=K=V)+,SWAP,64,4,2,128,2,0.0999
(Q=K=V)+,SWAP,64,4,4,16,1,0.5156
(Q=K=V)+,SWAP,64,4,4,64,0,0.1152
(Q=K=V)+,SWAP,64,4,4,64,2,0.1058
(Q=K=V)+,SWAP,64,4,4,128,1,0.1006
(Q=K=V)+,SWAP,256,2,2,16,0,1.0000
(Q=K=V)+,SWAP,256,2,2,16,2,1.0000
(Q=K=V)+,SWAP,256,2,2,64,1,1.0000
(Q=K=V)+,SWAP,256,2,2,128,0,0.1322
(Q=K=V)+,SWAP,256,2,2,128,2,0.1819
(Q=K=V)+,SWAP,256,2,4,16,1,1.0000
(Q=K=V)+,SWAP,256,2,4,64,0,1.0000
(Q=K=V)+,SWAP,256,2,4,64,2,1.0000
(Q=K=V)+,SWAP,256,2,4,128,1,0.6742
(Q=K=V)+,SWAP,256,4,2,16,0,1.0000
(Q=K=V)+,SWAP,256,4,2,16,2,1.0000
(Q=K=V)+,SWAP,256,4,2,64,1,0.9878
(Q=K=V)+,SWAP,256,4,2,128,0,0.1170
(Q=K=V)+,SWAP,256,4,2,128,2,0.1239
(Q=K=V)+,SWAP,256,4,4,16,1,1.0000
(Q=K=V)+,SWAP,256,4,4,64,0,0.5633
(Q=K=V)+,SWAP,256,4,4,64,2,0.4676
(Q=K=V)+,SWAP,256,4,4,128,1,0.1091
(Q=K=V)+,COPY,32,2,2,16,0,1.0000
(Q=K=V)+,COPY,32,2,2,16,2,1.0000
(Q=K=V)+,COPY,32,2,2,64,1,0.9643
(Q=K=V)+,COPY,32,2,2,128,0,0.8814
(Q=K=V)+,COPY,32,2,2,128,2,0.9027
(Q=K=V)+,COPY,32,2,4,16,1,1.0000
(Q=K=V)+,COPY,32,2,4,64,0,0.9529
(Q=K=V)+,COPY,32,2,4,64,2,0.9665
(Q=K=V)+,COPY,32,2,4,128,1,0.8834
(Q=K=V)+,COPY,32,4,2,16,0,1.0000
(Q=K=V)+,COPY,32,4,2,16,2,1.0000
(Q=K=V)+,COPY,32,4,2,64,1,0.9986
(Q=K=V)+,COPY,32,4,2,128,0,0.9834
(Q=K=V)+,COPY,32,4,2,128,2,0.9690
(Q=K=V)+,COPY,32,4,4,16,1,1.0000
(Q=K=V)+,COPY,32,4,4,64,0,0.9944
(Q=K=V)+,COPY,32,4,4,64,2,0.9918
(Q=K=V)+,COPY,32,4,4,128,1,0.9811
(Q=K=V)+,COPY,64,2,2,16,0,1.0000
(Q=K=V)+,COPY,64,2,2,16,2,1.0000
(Q=K=V)+,COPY,64,2,2,64,1,1.0000
(Q=K=V)+,COPY,64,2,2,128,0,1.0000
(Q=K=V)+,COPY,64,2,2,128,2,1.0000
(Q=K=V)+,COPY,64,2,4,16,1,1.0000
(Q=K=V)+,COPY,64,2,4,64,0,1.0000
(Q=K=V)+,COPY,64,2,4,64,2,1.0000
(Q=K=V)+,COPY,64,2,4,128,1,1.0000
(Q=K=V)+,COPY,64,4,2,16,0,1.0000
(Q=K=V)+,COPY,64,4,2,16,2,1.0000
(Q=K=V)+,COPY,64,4,2,64,1,1.0000
(Q=K=V)+,COPY,64,4,2,128,0,1.0000
(Q=K=V)+,COPY,64,4,2,128,2,1.0000
(Q=K=V)+,COPY,64,4,4,16,1,1.0000
(Q=K=V)+,COPY,64,4,4,64,0,1.0000
(Q=K=V)+,COPY,64,4,4,64,2,1.0000
(Q=K=V)+,COPY,64,4,4,128,1,1.0000
(Q=K=V)+,COPY,256,2,2,16,0,1.0000
(Q=K=V)+,COPY,256,2,2,16,2,1.0000
(Q=K=V)+,COPY,256,2,2,64,1,1.0000
(Q=K=V)+,COPY,256,2,2,128,0,1.0000
(Q=K=V)+,COPY,256,2,2,128,2,1.0000
(Q=K=V)+,COPY,256,2,4,16,1,1.0000
(Q=K=V)+,COPY,256,2,4,64,0,1.0000
(Q=K=V)+,COPY,256,2,4,64,2,1.0000
(Q=K=V)+,COPY,256,2,4,128,1,1.0000
(Q=K=V)+,COPY,256,4,2,16,0,1.0000
(Q=K=V)+,COPY,256,4,2,16,2,1.0000
(Q=K=V)+,COPY,256,4,2,64,1,1.0000
(Q=K=V)+,COPY,256,4,2,128,0,1.0000
(Q=K=V)+,COPY,256,4,2,128,2,1.0000
(Q=K=V)+,COPY,256,4,4,16,1,1.0000
(Q=K=V)+,COPY,256,4,4,64,0,1.0000
(Q=K=V)+,COPY,256,4,4,64,2,1.0000
(Q=K=V)+,COPY,256,4,4,128,1,1.0000
